TIPO;IDENTIFICACION;APELLIDO;NOMBRE;CARRERA_INDEFINIDA;INSCRIPCION;DOCUMENTACION;MATRICULA;EMAIL;TELEFONO;SEDE;SEXO;RESIDENCIA;TITULO;EGRESO;UNIVERSIDAD;NACIMIENTO;POSGRADO
NULL;1;1A;3E;ESPECIALIZACIO R;2020-08-14 00:00:00.0000000;1;0;CORREO@;Numero X;SEDE X;NULL;NULL;NULL;NULL;NULL;NULL;0
NULL;2;2B;4F;MAESTR Y;2020-08-14 00:00:00.0000000;1;1;CORREO@;Numero X;SEDE X;NULL;NULL;NULL;NULL;NULL;NULL;1
NULL;3;2a;3E;MAESTR Z;2021-07-08 00:00:00.0000000;0;0;CORREO@;Numero X;SEDE Y;NULL;NULL;NULL;NULL;NULL;NULL;1
NULL;4;2B;4F;DOCTORADO Y;2021-02-07 00:00:00.0000000;1;0;CORREO@;Numero X;SEDE X;NULL;NULL;NULL;NULL;NULL;NULL;2
NULL;5;3a;3E;MAESTR X;2022-02-28 00:00:00.0000000;1;0;CORREO@;Numero X;SEDE X;NULL;NULL;NULL;NULL;NULL;NULL;1
NULL;6;2B;4F;DOCTORADO Z;2022-02-22 00:00:00.0000000;1;1;CORREO@;Numero X;SEDE Y;NULL;NULL;NULL;NULL;NULL;NULL;2
NULL;7;4a;3E;DOCTORADO Z;2021-03-20 00:00:00.0000000;1;0;CORREO@;Numero X;SEDE Y;NULL;NULL;NULL;NULL;NULL;NULL;2
NULL;8;2B;4F;MAESTR X;2021-03-31 00:00:00.0000000;1;1;CORREO@;Numero X;SEDE X;NULL;NULL;NULL;NULL;NULL;NULL;1
NULL;9;5a;3E;DOCTORADO Z;2021-03-09 00:00:00.0000000;1;1;CORREO@;Numero X;SEDE Y;NULL;NULL;NULL;NULL;NULL;NULL;2
NULL;10;2B;4F;ESP.X;2021-08-10 00:00:00.0000000;1;1;CORREO@;Numero X;SEDE Y;NULL;NULL;NULL;NULL;NULL;NULL;NULL
NULL;11;6a;3E;DOCTORADO Z;2022-02-16 00:00:00.0000000;1;1;CORREO@;Numero X;SEDE Y;NULL;NULL;NULL;NULL;NULL;NULL;2
NULL;12;2B;4F;ESPECIALIZACIO R;2021-02-08 00:00:00.0000000;1;0;CORREO@;Numero X;SEDE X;NULL;NULL;NULL;NULL;NULL;NULL;0
NULL;13;7a;3E;DOCTORADO Y;2022-02-17 00:00:00.0000000;0;0;CORREO@;Numero X;SEDE X;NULL;NULL;NULL;NULL;NULL;NULL;2
NULL;14;2B;4F;ESP.X;2021-08-10 00:00:00.0000000;1;1;CORREO@;Numero X;SEDE Y;NULL;NULL;NULL;NULL;NULL;NULL;NULL
NULL;15;8a;3E;MAESTR X;2022-03-11 00:00:00.0000000;1;1;CORREO@;Numero X;SEDE X;NULL;NULL;NULL;NULL;NULL;NULL;1
NULL;16;2B;4F;ESPECIALIZACI W;2022-03-28 00:00:00.0000000;1;1;CORREO@;Numero X;SEDE X;NULL;NULL;NULL;NULL;NULL;NULL;NULL
NULL;17;9a;3E;DOCTORADO Z;2022-03-15 00:00:00.0000000;1;0;CORREO@;Numero X;SEDE Y;NULL;NULL;NULL;NULL;NULL;NULL;2
NULL;18;2B;4F;ESPECIALIZACIO R;2020-07-23 00:00:00.0000000;1;0;CORREO@;Numero X;SEDE X;NULL;NULL;NULL;NULL;NULL;NULL;0
NULL;19;10a;3E;DOCTORADO Z;2022-02-03 00:00:00.0000000;0;0;CORREO@;Numero X;SEDE Y;NULL;NULL;NULL;NULL;NULL;NULL;2
NULL;20;2B;4F;ESP.X;2020-08-10 00:00:00.0000000;1;1;CORREO@;Numero X;SEDE Y;NULL;NULL;NULL;NULL;NULL;NULL;NULL
NULL;21;11a;3E;ESPECIALIZACIO R;2021-07-27 00:00:00.0000000;0;0;CORREO@;Numero X;SEDE X;NULL;NULL;NULL;NULL;NULL;NULL;0
NULL;22;2B;4F;ESP.X;2021-08-09 00:00:00.0000000;1;1;CORREO@;Numero X;SEDE Y;NULL;NULL;NULL;NULL;NULL;NULL;NULL
NULL;23;12a;3E;DOCTORADO Z;2021-03-19 00:00:00.0000000;1;1;CORREO@;Numero X;SEDE Y;NULL;NULL;NULL;NULL;NULL;NULL;2
NULL;24;2B;4F;ESPECIALIZACI W;2021-03-04 00:00:00.0000000;1;1;CORREO@;Numero X;SEDE X;NULL;NULL;NULL;NULL;NULL;NULL;NULL
NULL;25;13a;3E;MAESTR Y;2020-08-14 00:00:00.0000000;1;0;CORREO@;Numero X;SEDE X;NULL;NULL;NULL;NULL;NULL;NULL;1
NULL;26;2B;4F;MAESTR Z;2020-08-03 00:00:00.0000000;1;1;CORREO@;Numero X;SEDE Y;NULL;NULL;NULL;NULL;NULL;NULL;1
NULL;27;14a;3E;MAESTR Y;2020-08-13 00:00:00.0000000;1;1;CORREO@;Numero X;SEDE X;NULL;NULL;NULL;NULL;NULL;NULL;1
NULL;28;2B;4F;MAESTR Z;2021-08-13 00:00:00.0000000;1;1;CORREO@;Numero X;SEDE Y;NULL;NULL;NULL;NULL;NULL;NULL;1
NULL;29;15a;3E;DOCTORADO Z;2021-03-17 00:00:00.0000000;1;1;CORREO@;Numero X;SEDE Y;NULL;NULL;NULL;NULL;NULL;NULL;2
NULL;30;2B;4F;DOCTORADO Z;2022-03-06 00:00:00.0000000;1;0;CORREO@;Numero X;SEDE Y;NULL;NULL;NULL;NULL;NULL;NULL;2
NULL;31;16a;3E;MAETR R;2021-02-24 00:00:00.0000000;1;0;CORREO@;Numero X;SEDE X;NULL;NULL;NULL;NULL;NULL;NULL;NULL
NULL;32;2B;4F;MAETR R;2021-02-08 00:00:00.0000000;1;0;CORREO@;Numero X;SEDE X;NULL;NULL;NULL;NULL;NULL;NULL;NULL
NULL;33;17a;3E;MAESTR Z;2020-07-07 00:00:00.0000000;1;1;CORREO@;Numero X;SEDE Y;NULL;NULL;NULL;NULL;NULL;NULL;1
NULL;34;2B;4F;DOCTORADO Z;2022-02-22 00:00:00.0000000;1;0;CORREO@;Numero X;SEDE Y;NULL;NULL;NULL;NULL;NULL;NULL;2
NULL;35;18a;3E;MAESTR Z;2020-08-07 00:00:00.0000000;1;0;CORREO@;Numero X;SEDE Y;NULL;NULL;NULL;NULL;NULL;NULL;1
NULL;36;2B;4F;ESPECIALIZACIO R;2021-07-23 00:00:00.0000000;0;0;CORREO@;Numero X;SEDE X;NULL;NULL;NULL;NULL;NULL;NULL;0
NULL;37;19a;3E;MAESTR Y;2022-02-15 00:00:00.0000000;0;0;CORREO@;Numero X;SEDE X;NULL;NULL;NULL;NULL;NULL;NULL;1
NULL;38;2B;4F;DOCTORADO Y;2022-03-04 00:00:00.0000000;0;0;CORREO@;Numero X;SEDE X;NULL;NULL;NULL;NULL;NULL;NULL;2
NULL;39;20a;3E;MAESTR Y;2020-08-09 00:00:00.0000000;1;1;CORREO@;Numero X;SEDE X;NULL;NULL;NULL;NULL;NULL;NULL;1
NULL;40;2B;4F;MAESTR X;2022-03-03 00:00:00.0000000;1;0;CORREO@;Numero X;SEDE X;NULL;NULL;NULL;NULL;NULL;NULL;1
NULL;41;21a;3E;ESPECIALIZACI W;2021-03-30 00:00:00.0000000;0;0;CORREO@;Numero X;SEDE X;NULL;NULL;NULL;NULL;NULL;NULL;NULL
NULL;42;2B;4F;ESPECIALIZACI X;2022-03-03 00:00:00.0000000;0;0;CORREO@;Numero X;SEDE X;NULL;NULL;NULL;NULL;NULL;NULL;NULL
NULL;43;22a;3E;MAESTR Y;2020-07-17 00:00:00.0000000;1;1;CORREO@;Numero X;SEDE X;NULL;NULL;NULL;NULL;NULL;NULL;1
NULL;44;2B;4F;ESPECIALIZACI W;2021-02-07 00:00:00.0000000;1;1;CORREO@;Numero X;SEDE X;NULL;NULL;NULL;NULL;NULL;NULL;NULL
NULL;45;23a;3E;MAESTR Y;2022-02-07 00:00:00.0000000;0;0;CORREO@;Numero X;SEDE X;NULL;NULL;NULL;NULL;NULL;NULL;1
NULL;46;2B;4F;MAESTR Y;2020-09-29 00:00:00.0000000;0;0;CORREO@;Numero X;SEDE X;NULL;NULL;NULL;NULL;NULL;NULL;1
NULL;47;24a;3E;MAESTR Y;2020-07-28 00:00:00.0000000;1;1;CORREO@;Numero X;SEDE X;NULL;NULL;NULL;NULL;NULL;NULL;1
NULL;48;2B;4F;MAESTR Y;2020-07-13 00:00:00.0000000;1;0;CORREO@;Numero X;SEDE X;NULL;NULL;NULL;NULL;NULL;NULL;1
NULL;49;25a;3E;ESP.X;2020-08-03 00:00:00.0000000;1;1;CORREO@;Numero X;SEDE Y;NULL;NULL;NULL;NULL;NULL;NULL;NULL
NULL;50;2B;4F;CARRERA INDEFINIDA;2020-10-30 00:00:00.0000000;1;0;CORREO@;Numero X;SEDE X;NULL;NULL;NULL;NULL;NULL;NULL;NULL
NULL;51;26a;3E;DOCTORADO Y;2022-03-11 00:00:00.0000000;0;0;CORREO@;Numero X;SEDE X;NULL;NULL;NULL;NULL;NULL;NULL;2
NULL;52;2B;4F;DOCTORADO Z;2022-02-24 00:00:00.0000000;0;0;CORREO@;Numero X;SEDE Y;NULL;NULL;NULL;NULL;NULL;NULL;2
NULL;53;27a;3E;DOCTORADO Y;2021-02-16 00:00:00.0000000;1;0;CORREO@;Numero X;SEDE X;NULL;NULL;NULL;NULL;NULL;NULL;2
NULL;54;2B;4F;ESPECIALIZACI W;2021-02-21 00:00:00.0000000;1;1;CORREO@;Numero X;SEDE X;NULL;NULL;NULL;NULL;NULL;NULL;NULL
NULL;55;28a;3E;MAESTR Z;2020-07-16 00:00:00.0000000;1;0;CORREO@;Numero X;SEDE Y;NULL;NULL;NULL;NULL;NULL;NULL;1
NULL;56;2B;4F;ESPECIALIZACIO R;2021-08-10 00:00:00.0000000;0;0;CORREO@;Numero X;SEDE X;NULL;NULL;NULL;NULL;NULL;NULL;0
NULL;57;29a;3E;ESPECIALIZACIO R;2021-07-29 00:00:00.0000000;0;0;CORREO@;Numero X;SEDE X;NULL;NULL;NULL;NULL;NULL;NULL;0
NULL;58;2B;4F;MAESTR Z;2020-08-13 00:00:00.0000000;1;1;CORREO@;Numero X;SEDE Y;NULL;NULL;NULL;NULL;NULL;NULL;1
NULL;59;30a;3E;MAESTR Y;2020-08-13 00:00:00.0000000;1;1;CORREO@;Numero X;SEDE X;NULL;NULL;NULL;NULL;NULL;NULL;1
NULL;60;2B;4F;DOCTORADO Z;2021-03-23 00:00:00.0000000;1;1;CORREO@;Numero X;SEDE Y;NULL;NULL;NULL;NULL;NULL;NULL;2
NULL;61;31a;3E;MAESTR Y;2020-08-21 00:00:00.0000000;1;1;CORREO@;Numero X;SEDE Y;NULL;NULL;NULL;NULL;NULL;NULL;1
NULL;62;2B;4F;ESPECIALIZACI X;2021-02-27 00:00:00.0000000;1;0;CORREO@;Numero X;SEDE X;NULL;NULL;NULL;NULL;NULL;NULL;NULL
NULL;63;32a;3E;ESPECIALIZACIO R;2021-08-02 00:00:00.0000000;0;0;CORREO@;Numero X;SEDE X;NULL;NULL;NULL;NULL;NULL;NULL;0
NULL;64;2B;4F;MAESTR Y;2022-02-15 00:00:00.0000000;0;0;CORREO@;Numero X;SEDE X;NULL;NULL;NULL;NULL;NULL;NULL;1
NULL;65;33a;3E;ESPECIALIZACI W;2022-03-09 00:00:00.0000000;1;1;CORREO@;Numero X;SEDE X;NULL;NULL;NULL;NULL;NULL;NULL;NULL
NULL;66;2B;4F;ESPECIALIZACI W;2022-02-07 00:00:00.0000000;1;1;CORREO@;Numero X;SEDE X;NULL;NULL;NULL;NULL;NULL;NULL;NULL
NULL;67;34a;3E;MAESTR X;2021-02-07 00:00:00.0000000;1;1;CORREO@;Numero X;SEDE X;NULL;NULL;NULL;NULL;NULL;NULL;1
NULL;68;2B;4F;ESP.X;2021-06-14 00:00:00.0000000;0;0;CORREO@;Numero X;SEDE Y;NULL;NULL;NULL;NULL;NULL;NULL;NULL
NULL;69;35a;3E;ESPECIALIZACI W;2022-03-10 00:00:00.0000000;1;1;CORREO@;Numero X;SEDE X;NULL;NULL;NULL;NULL;NULL;NULL;NULL
NULL;70;2B;4F;MAESTR X;2022-03-04 00:00:00.0000000;1;1;CORREO@;Numero X;SEDE X;NULL;NULL;NULL;NULL;NULL;NULL;1
NULL;71;36a;3E;MAESTR X;2021-02-12 00:00:00.0000000;1;0;CORREO@;Numero X;SEDE X;NULL;NULL;NULL;NULL;NULL;NULL;1
NULL;72;2B;4F;MAESTR Y;2020-08-03 00:00:00.0000000;1;1;CORREO@;Numero X;SEDE X;NULL;NULL;NULL;NULL;NULL;NULL;1
NULL;73;37a;3E;ESPECIALIZACIO R;2021-07-29 00:00:00.0000000;0;0;CORREO@;Numero X;SEDE X;NULL;NULL;NULL;NULL;NULL;NULL;0
NULL;74;2B;4F;MAESTR Z;2020-07-14 00:00:00.0000000;1;0;CORREO@;Numero X;SEDE Y;NULL;NULL;NULL;NULL;NULL;NULL;1
NULL;75;38a;3E;ESP.X;2021-06-29 00:00:00.0000000;0;0;CORREO@;Numero X;SEDE Y;NULL;NULL;NULL;NULL;NULL;NULL;NULL
NULL;76;2B;4F;DOCTORADO Z;2021-03-19 00:00:00.0000000;1;1;CORREO@;Numero X;SEDE Y;NULL;NULL;NULL;NULL;NULL;NULL;2
NULL;77;39a;3E;MAESTR Z;2021-08-11 00:00:00.0000000;1;1;CORREO@;Numero X;SEDE Y;NULL;NULL;NULL;NULL;NULL;NULL;1
NULL;78;2B;4F;ESP.X;2020-07-03 00:00:00.0000000;1;0;CORREO@;Numero X;SEDE Y;NULL;NULL;NULL;NULL;NULL;NULL;NULL
NULL;79;40a;3E;MAESTR Y;2020-08-12 00:00:00.0000000;1;1;CORREO@;Numero X;SEDE X;NULL;NULL;NULL;NULL;NULL;NULL;1
NULL;80;2B;4F;DOCTORADO Z;2021-03-08 00:00:00.0000000;1;1;CORREO@;Numero X;SEDE Y;NULL;NULL;NULL;NULL;NULL;NULL;2
NULL;81;41a;3E;ESPECIALIZACIO R;2021-03-26 00:00:00.0000000;0;0;CORREO@;Numero X;SEDE X;NULL;NULL;NULL;NULL;NULL;NULL;0
NULL;82;2B;4F;ESPECIALIZACI X;2021-03-29 00:00:00.0000000;1;0;CORREO@;Numero X;SEDE X;NULL;NULL;NULL;NULL;NULL;NULL;NULL
NULL;83;42a;3E;ESP.X;2021-07-20 00:00:00.0000000;1;1;CORREO@;Numero X;SEDE Y;NULL;NULL;NULL;NULL;NULL;NULL;NULL
NULL;84;2B;4F;Diplomatura X;2021-07-30 00:00:00.0000000;0;0;CORREO@;Numero X;SEDE X;NULL;NULL;NULL;NULL;NULL;NULL;NULL
NULL;85;43a;3E;ESPECIALIZACIO R;2020-07-08 00:00:00.0000000;1;0;CORREO@;Numero X;SEDE X;NULL;NULL;NULL;NULL;NULL;NULL;0
NULL;86;2B;4F;ESPECIALIZACIO R;2021-07-26 00:00:00.0000000;0;0;CORREO@;Numero X;SEDE X;NULL;NULL;NULL;NULL;NULL;NULL;0
NULL;87;44a;3E;ESPECIALIZACI A;2022-02-09 00:00:00.0000000;1;1;CORREO@;Numero X;SEDE X;NULL;NULL;NULL;NULL;NULL;NULL;NULL
NULL;88;2B;4F;MAESTR Z;2020-08-08 00:00:00.0000000;1;1;CORREO@;Numero X;SEDE Y;NULL;NULL;NULL;NULL;NULL;NULL;1
NULL;89;45a;3E;ESP.X;2020-08-14 00:00:00.0000000;1;0;CORREO@;Numero X;SEDE Y;NULL;NULL;NULL;NULL;NULL;NULL;NULL
NULL;90;2B;4F;ESPECIALIZACI X;2021-03-11 00:00:00.0000000;1;0;CORREO@;Numero X;SEDE X;NULL;NULL;NULL;NULL;NULL;NULL;NULL
NULL;91;46a;3E;ESPECIALIZACIO R;2021-07-13 00:00:00.0000000;0;0;CORREO@;Numero X;SEDE X;NULL;NULL;NULL;NULL;NULL;NULL;0
NULL;92;2B;4F;DOCTORADO Z;2022-02-09 00:00:00.0000000;1;0;CORREO@;Numero X;SEDE Y;NULL;NULL;NULL;NULL;NULL;NULL;2
NULL;93;47a;3E;ESPECIALIZACIO R;2020-07-04 00:00:00.0000000;1;0;CORREO@;Numero X;SEDE X;NULL;NULL;NULL;NULL;NULL;NULL;0
NULL;94;2B;4F;MAESTR Y;2020-08-12 00:00:00.0000000;1;1;CORREO@;Numero X;SEDE X;NULL;NULL;NULL;NULL;NULL;NULL;1
NULL;95;48a;3E;ESPECIALIZACIO R;2022-02-26 00:00:00.0000000;0;0;CORREO@;Numero X;SEDE X;NULL;NULL;NULL;NULL;NULL;NULL;0
NULL;96;2B;4F;MAESTR Y;2020-08-03 00:00:00.0000000;1;1;CORREO@;Numero X;SEDE X;NULL;NULL;NULL;NULL;NULL;NULL;1
NULL;97;49a;3E;ESPECIALIZACI X;2022-03-25 00:00:00.0000000;1;0;CORREO@;Numero X;SEDE X;NULL;NULL;NULL;NULL;NULL;NULL;NULL
NULL;98;2B;4F;ESP.X;2021-07-06 00:00:00.0000000;1;1;CORREO@;Numero X;SEDE Y;NULL;NULL;NULL;NULL;NULL;NULL;NULL
NULL;99;50a;3E;MAESTR X;2022-03-28 00:00:00.0000000;1;0;CORREO@;Numero X;SEDE X;NULL;NULL;NULL;NULL;NULL;NULL;1
NULL;100;2B;4F;ESP.X;2020-08-12 00:00:00.0000000;1;1;CORREO@;Numero X;SEDE Y;NULL;NULL;NULL;NULL;NULL;NULL;NULL
NULL;101;51a;3E;ESPECIALIZACI X;2022-03-15 00:00:00.0000000;1;1;CORREO@;Numero X;SEDE X;NULL;NULL;NULL;NULL;NULL;NULL;NULL
NULL;102;2B;4F;ESPECIALIZACIO R;2021-08-11 00:00:00.0000000;0;0;CORREO@;Numero X;SEDE X;NULL;NULL;NULL;NULL;NULL;NULL;0
NULL;103;52a;3E;ESP.X;2021-07-12 00:00:00.0000000;0;0;CORREO@;Numero X;SEDE Y;NULL;NULL;NULL;NULL;NULL;NULL;NULL
NULL;104;2B;4F;ESP.X;2021-06-10 00:00:00.0000000;1;0;CORREO@;Numero X;SEDE Y;NULL;NULL;NULL;NULL;NULL;NULL;NULL
NULL;105;53a;3E;DOCTORADO Z;2022-03-05 00:00:00.0000000;0;0;CORREO@;Numero X;SEDE Y;NULL;NULL;NULL;NULL;NULL;NULL;2
NULL;106;2B;4F;CARRERA INDEFINIDA;2020-10-30 00:00:00.0000000;1;0;CORREO@;Numero X;SEDE X;NULL;NULL;NULL;NULL;NULL;NULL;NULL
NULL;107;54a;3E;MAESTR Z;2020-07-24 00:00:00.0000000;1;1;CORREO@;Numero X;SEDE Y;NULL;NULL;NULL;NULL;NULL;NULL;1
NULL;108;2B;4F;MAESTR Z;2020-06-26 00:00:00.0000000;1;0;CORREO@;Numero X;SEDE Y;NULL;NULL;NULL;NULL;NULL;NULL;1
NULL;109;55a;3E;MAESTR Z;2020-07-29 00:00:00.0000000;1;1;CORREO@;Numero X;SEDE Y;NULL;NULL;NULL;NULL;NULL;NULL;1
NULL;110;2B;4F;ESP.X;2020-08-13 00:00:00.0000000;1;1;CORREO@;Numero X;SEDE Y;NULL;NULL;NULL;NULL;NULL;NULL;NULL
NULL;111;56a;3E;ESPECIALIZACI X;2022-02-21 00:00:00.0000000;1;1;CORREO@;Numero X;SEDE X;NULL;NULL;NULL;NULL;NULL;NULL;NULL
NULL;112;2B;4F;ESPECIALIZACI A;2020-08-14 00:00:00.0000000;1;0;CORREO@;Numero X;SEDE X;NULL;NULL;NULL;NULL;NULL;NULL;NULL
NULL;113;57a;3E;MAESTR Z;2021-07-16 00:00:00.0000000;1;1;CORREO@;Numero X;SEDE Y;NULL;NULL;NULL;NULL;NULL;NULL;1
NULL;114;2B;4F;ESP.X;2020-07-17 00:00:00.0000000;1;1;CORREO@;Numero X;SEDE Y;NULL;NULL;NULL;NULL;NULL;NULL;NULL
NULL;115;58a;3E;ESPECIALIZACI A;2022-02-15 00:00:00.0000000;1;1;CORREO@;Numero X;SEDE X;NULL;NULL;NULL;NULL;NULL;NULL;NULL
NULL;116;2B;4F;ESPECIALIZACI A;2020-08-11 00:00:00.0000000;1;0;CORREO@;Numero X;SEDE X;NULL;NULL;NULL;NULL;NULL;NULL;NULL
NULL;117;59a;3E;MAESTR Z;2020-07-03 00:00:00.0000000;1;0;CORREO@;Numero X;SEDE Y;NULL;NULL;NULL;NULL;NULL;NULL;1
NULL;118;2B;4F;ESPECIALIZACIO R;2020-08-10 00:00:00.0000000;1;0;CORREO@;Numero X;SEDE X;NULL;NULL;NULL;NULL;NULL;NULL;0
NULL;119;60a;3E;DOCTORADO Y;2022-02-05 00:00:00.0000000;0;0;CORREO@;Numero X;SEDE X;NULL;NULL;NULL;NULL;NULL;NULL;2
NULL;120;2B;4F;MAESTR Z;2020-08-14 00:00:00.0000000;1;1;CORREO@;Numero X;SEDE Y;NULL;NULL;NULL;NULL;NULL;NULL;1
NULL;121;61a;3E;ESPECIALIZACI W;2022-02-17 00:00:00.0000000;1;1;CORREO@;Numero X;SEDE X;NULL;NULL;NULL;NULL;NULL;NULL;NULL
NULL;122;2B;4F;MAESTR Y;2020-07-17 00:00:00.0000000;1;0;CORREO@;Numero X;SEDE X;NULL;NULL;NULL;NULL;NULL;NULL;1
NULL;123;62a;3E;ESP.X;2020-08-11 00:00:00.0000000;1;0;CORREO@;Numero X;SEDE Y;NULL;NULL;NULL;NULL;NULL;NULL;NULL
NULL;124;2B;4F;ESP.X;2020-07-16 00:00:00.0000000;1;1;CORREO@;Numero X;SEDE Y;NULL;NULL;NULL;NULL;NULL;NULL;NULL
NULL;125;63a;3E;MAESTR Y;2020-08-07 00:00:00.0000000;1;0;CORREO@;Numero X;SEDE X;NULL;NULL;NULL;NULL;NULL;NULL;1
NULL;126;2B;4F;MAESTR X;2020-08-14 00:00:00.0000000;1;0;CORREO@;Numero X;SEDE X;NULL;NULL;NULL;NULL;NULL;NULL;1
NULL;127;64a;3E;DOCTORADO Z;2022-03-11 00:00:00.0000000;1;0;CORREO@;Numero X;SEDE Y;NULL;NULL;NULL;NULL;NULL;NULL;2
NULL;128;2B;4F;MAESTR Z;2021-07-08 00:00:00.0000000;1;1;CORREO@;Numero X;SEDE Y;NULL;NULL;NULL;NULL;NULL;NULL;1
NULL;129;65a;3E;ESPECIALIZACIO R;2022-03-01 00:00:00.0000000;0;0;CORREO@;Numero X;SEDE X;NULL;NULL;NULL;NULL;NULL;NULL;0
NULL;130;2B;4F;ESPECIALIZACIO R;2022-03-09 00:00:00.0000000;1;0;CORREO@;Numero X;SEDE X;NULL;NULL;NULL;NULL;NULL;NULL;0
NULL;131;66a;3E;ESPECIALIZACIO R;2022-02-21 00:00:00.0000000;0;0;CORREO@;Numero X;SEDE X;NULL;NULL;NULL;NULL;NULL;NULL;0
NULL;132;2B;4F;DOCTORADO Y;2022-03-01 00:00:00.0000000;0;0;CORREO@;Numero X;SEDE X;NULL;NULL;NULL;NULL;NULL;NULL;2
NULL;133;67a;3E;ESP.X;2021-07-21 00:00:00.0000000;1;1;CORREO@;Numero X;SEDE Y;NULL;NULL;NULL;NULL;NULL;NULL;NULL
NULL;134;2B;4F;MAESTR Z;2021-08-13 00:00:00.0000000;1;1;CORREO@;Numero X;SEDE Y;NULL;NULL;NULL;NULL;NULL;NULL;1
NULL;135;68a;3E;MAESTR Y;2022-02-01 00:00:00.0000000;0;0;CORREO@;Numero X;SEDE X;NULL;NULL;NULL;NULL;NULL;NULL;1
NULL;136;2B;4F;ESPECIALIZACI W;2021-02-18 00:00:00.0000000;1;1;CORREO@;Numero X;SEDE X;NULL;NULL;NULL;NULL;NULL;NULL;NULL
NULL;137;69a;3E;MAESTR Z;2021-06-07 00:00:00.0000000;0;0;CORREO@;Numero X;SEDE Y;NULL;NULL;NULL;NULL;NULL;NULL;1
NULL;138;2B;4F;MAESTR Y;2020-08-10 00:00:00.0000000;1;1;CORREO@;Numero X;SEDE X;NULL;NULL;NULL;NULL;NULL;NULL;1
NULL;139;70a;3E;ESPECIALIZACI X;2022-02-12 00:00:00.0000000;1;1;CORREO@;Numero X;SEDE X;NULL;NULL;NULL;NULL;NULL;NULL;NULL
NULL;140;2B;4F;MAESTR Y;2022-02-10 00:00:00.0000000;0;0;CORREO@;Numero X;SEDE X;NULL;NULL;NULL;NULL;NULL;NULL;1
NULL;141;71a;3E;DOCTORADO Z;2021-03-20 00:00:00.0000000;1;1;CORREO@;Numero X;SEDE Y;NULL;NULL;NULL;NULL;NULL;NULL;2
NULL;142;2B;4F;MAESTR Y;2020-08-09 00:00:00.0000000;1;1;CORREO@;Numero X;SEDE X;NULL;NULL;NULL;NULL;NULL;NULL;1
NULL;143;72a;3E;DOCTORADO Z;2021-03-19 00:00:00.0000000;1;1;CORREO@;Numero X;SEDE Y;NULL;NULL;NULL;NULL;NULL;NULL;2
NULL;144;2B;4F;MAESTR Y;2022-02-02 00:00:00.0000000;0;0;CORREO@;Numero X;SEDE X;NULL;NULL;NULL;NULL;NULL;NULL;1
NULL;145;73a;3E;ESP.X;2021-06-10 00:00:00.0000000;1;0;CORREO@;Numero X;SEDE Y;NULL;NULL;NULL;NULL;NULL;NULL;NULL
NULL;146;2B;4F;MAESTR Z;2020-07-30 00:00:00.0000000;1;1;CORREO@;Numero X;SEDE Y;NULL;NULL;NULL;NULL;NULL;NULL;1
NULL;147;74a;3E;ESPECIALIZACI X;2021-03-30 00:00:00.0000000;1;1;CORREO@;Numero X;SEDE X;NULL;NULL;NULL;NULL;NULL;NULL;NULL
NULL;148;2B;4F;DOCTORADO Z;2022-02-15 00:00:00.0000000;1;1;CORREO@;Numero X;SEDE Y;NULL;NULL;NULL;NULL;NULL;NULL;2
NULL;149;75a;3E;ESP.X;2021-07-02 00:00:00.0000000;0;0;CORREO@;Numero X;SEDE Y;NULL;NULL;NULL;NULL;NULL;NULL;NULL
NULL;150;2B;4F;MAESTR Y;2020-07-24 00:00:00.0000000;1;1;CORREO@;Numero X;SEDE X;NULL;NULL;NULL;NULL;NULL;NULL;1
NULL;151;76a;3E;MAESTR Z;2020-08-13 00:00:00.0000000;1;1;CORREO@;Numero X;SEDE Y;NULL;NULL;NULL;NULL;NULL;NULL;1
NULL;152;2B;4F;MAESTR Z;2021-06-08 00:00:00.0000000;1;1;CORREO@;Numero X;SEDE Y;NULL;NULL;NULL;NULL;NULL;NULL;1
NULL;153;77a;3E;MAESTR Z;2020-08-08 00:00:00.0000000;1;1;CORREO@;Numero X;SEDE Y;NULL;NULL;NULL;NULL;NULL;NULL;1
NULL;154;2B;4F;ESP.X;2020-08-12 00:00:00.0000000;1;0;CORREO@;Numero X;SEDE Y;NULL;NULL;NULL;NULL;NULL;NULL;NULL
NULL;155;78a;3E;DOCTORADO Z;2022-03-09 00:00:00.0000000;0;0;CORREO@;Numero X;SEDE Y;NULL;NULL;NULL;NULL;NULL;NULL;2
NULL;156;2B;4F;MAESTR Y;2020-08-11 00:00:00.0000000;1;1;CORREO@;Numero X;SEDE X;NULL;NULL;NULL;NULL;NULL;NULL;1
NULL;157;79a;3E;ESPECIALIZACI X;2021-03-29 00:00:00.0000000;1;1;CORREO@;Numero X;SEDE X;NULL;NULL;NULL;NULL;NULL;NULL;NULL
NULL;158;2B;4F;ESPECIALIZACI W;2022-03-10 00:00:00.0000000;0;0;CORREO@;Numero X;SEDE X;NULL;NULL;NULL;NULL;NULL;NULL;NULL
NULL;159;80a;3E;ESP.X;2021-06-14 00:00:00.0000000;1;0;CORREO@;Numero X;SEDE Y;NULL;NULL;NULL;NULL;NULL;NULL;NULL
NULL;160;2B;4F;DOCTORADO Y;2022-03-09 00:00:00.0000000;0;0;CORREO@;Numero X;SEDE X;NULL;NULL;NULL;NULL;NULL;NULL;2
NULL;161;81a;3E;ESP.X;2021-06-27 00:00:00.0000000;0;0;CORREO@;Numero X;SEDE Y;NULL;NULL;NULL;NULL;NULL;NULL;NULL
NULL;162;2B;4F;DOCTORADO Y;2021-02-07 00:00:00.0000000;1;0;CORREO@;Numero X;SEDE X;NULL;NULL;NULL;NULL;NULL;NULL;2
NULL;163;82a;3E;ESP.X;2020-07-16 00:00:00.0000000;1;1;CORREO@;Numero X;SEDE Y;NULL;NULL;NULL;NULL;NULL;NULL;NULL
NULL;164;2B;4F;ESPECIALIZACI X;2021-03-29 00:00:00.0000000;0;0;CORREO@;Numero X;SEDE X;NULL;NULL;NULL;NULL;NULL;NULL;NULL
NULL;165;83a;3E;DOCTORADO Y;2021-02-11 00:00:00.0000000;1;0;CORREO@;Numero X;SEDE X;NULL;NULL;NULL;NULL;NULL;NULL;2
NULL;166;2B;4F;DOCTORADO Y;2022-02-12 00:00:00.0000000;0;0;CORREO@;Numero X;SEDE X;NULL;NULL;NULL;NULL;NULL;NULL;2
NULL;167;84a;3E;DOCTORADO Z;2022-02-16 00:00:00.0000000;1;0;CORREO@;Numero X;SEDE Y;NULL;NULL;NULL;NULL;NULL;NULL;2
NULL;168;2B;4F;MAESTR Z;2020-08-06 00:00:00.0000000;1;1;CORREO@;Numero X;SEDE Y;NULL;NULL;NULL;NULL;NULL;NULL;1
NULL;169;85a;3E;ESPECIALIZACI W;2022-02-11 00:00:00.0000000;1;1;CORREO@;Numero X;SEDE X;NULL;NULL;NULL;NULL;NULL;NULL;NULL
NULL;170;2B;4F;ESP.X;2020-08-11 00:00:00.0000000;1;1;CORREO@;Numero X;SEDE Y;NULL;NULL;NULL;NULL;NULL;NULL;NULL
NULL;171;86a;3E;ESP.X;2021-08-09 00:00:00.0000000;1;1;CORREO@;Numero X;SEDE Y;NULL;NULL;NULL;NULL;NULL;NULL;NULL
NULL;172;2B;4F;MAESTR Y;2020-07-28 00:00:00.0000000;1;1;CORREO@;Numero X;SEDE X;NULL;NULL;NULL;NULL;NULL;NULL;1
NULL;173;87a;3E;MAESTR X;2022-02-01 00:00:00.0000000;1;1;CORREO@;Numero X;SEDE X;NULL;NULL;NULL;NULL;NULL;NULL;1
NULL;174;2B;4F;DOCTORADO Z;2021-03-25 00:00:00.0000000;1;1;CORREO@;Numero X;SEDE Y;NULL;NULL;NULL;NULL;NULL;NULL;2
NULL;175;88a;3E;MAESTR X;2020-08-14 00:00:00.0000000;1;0;CORREO@;Numero X;SEDE X;NULL;NULL;NULL;NULL;NULL;NULL;1
NULL;176;2B;4F;ESPECIALIZACI X;2022-03-15 00:00:00.0000000;1;1;CORREO@;Numero X;SEDE X;NULL;NULL;NULL;NULL;NULL;NULL;NULL
NULL;177;89a;3E;CARRERA INDEFINIDA;2020-10-30 00:00:00.0000000;0;0;CORREO@;Numero X;SEDE X;NULL;NULL;NULL;NULL;NULL;NULL;NULL
NULL;178;2B;4F;MAESTR Z;2021-08-02 00:00:00.0000000;1;1;CORREO@;Numero X;SEDE Y;NULL;NULL;NULL;NULL;NULL;NULL;1
NULL;179;90a;3E;DOCTORADO Y;2021-02-22 00:00:00.0000000;1;0;CORREO@;Numero X;SEDE X;NULL;NULL;NULL;NULL;NULL;NULL;2
NULL;180;2B;4F;DOCTORADO Z;2021-03-15 00:00:00.0000000;1;1;CORREO@;Numero X;SEDE Y;NULL;NULL;NULL;NULL;NULL;NULL;2
NULL;181;91a;3E;MAESTR Y;2022-02-08 00:00:00.0000000;1;0;CORREO@;Numero X;SEDE X;NULL;NULL;NULL;NULL;NULL;NULL;1
NULL;182;2B;4F;MAESTR Y;2022-02-11 00:00:00.0000000;0;0;CORREO@;Numero X;SEDE X;NULL;NULL;NULL;NULL;NULL;NULL;1
NULL;183;92a;3E;MAESTR Z;2021-06-07 00:00:00.0000000;0;0;CORREO@;Numero X;SEDE Y;NULL;NULL;NULL;NULL;NULL;NULL;1
NULL;184;2B;4F;DOCTORADO Y;2022-03-14 00:00:00.0000000;0;0;CORREO@;Numero X;SEDE X;NULL;NULL;NULL;NULL;NULL;NULL;2
NULL;185;93a;3E;MAESTR Y;2020-08-01 00:00:00.0000000;1;1;CORREO@;Numero X;SEDE X;NULL;NULL;NULL;NULL;NULL;NULL;1
NULL;186;2B;4F;ESPECIALIZACIO R;2020-08-09 00:00:00.0000000;1;0;CORREO@;Numero X;SEDE X;NULL;NULL;NULL;NULL;NULL;NULL;0
NULL;187;94a;3E;ESP.X;2021-06-26 00:00:00.0000000;0;0;CORREO@;Numero X;SEDE Y;NULL;NULL;NULL;NULL;NULL;NULL;NULL
NULL;188;2B;4F;DOCTORADO Y;2020-07-16 00:00:00.0000000;1;0;CORREO@;Numero X;SEDE X;NULL;NULL;NULL;NULL;NULL;NULL;2
NULL;189;95a;3E;ESP.X;2020-07-31 00:00:00.0000000;1;1;CORREO@;Numero X;SEDE Y;NULL;NULL;NULL;NULL;NULL;NULL;NULL
NULL;190;2B;4F;ESPECIALIZACI X;2022-02-23 00:00:00.0000000;0;0;CORREO@;Numero X;SEDE X;NULL;NULL;NULL;NULL;NULL;NULL;NULL
NULL;191;96a;3E;MAESTR Z;2021-06-09 00:00:00.0000000;0;0;CORREO@;Numero X;SEDE Y;NULL;NULL;NULL;NULL;NULL;NULL;1
NULL;192;2B;4F;ESP.X;2021-07-17 00:00:00.0000000;0;0;CORREO@;Numero X;SEDE Y;NULL;NULL;NULL;NULL;NULL;NULL;NULL
NULL;193;97a;3E;MAESTR Y;2020-08-21 00:00:00.0000000;1;1;CORREO@;Numero X;SEDE Y;NULL;NULL;NULL;NULL;NULL;NULL;1
NULL;194;2B;4F;MAESTR Y;2022-02-04 00:00:00.0000000;0;0;CORREO@;Numero X;SEDE X;NULL;NULL;NULL;NULL;NULL;NULL;1
NULL;195;98a;3E;ESPECIALIZACI X;2022-03-14 00:00:00.0000000;1;1;CORREO@;Numero X;SEDE X;NULL;NULL;NULL;NULL;NULL;NULL;NULL
NULL;196;2B;4F;MAESTR Y;2020-08-13 00:00:00.0000000;1;0;CORREO@;Numero X;SEDE X;NULL;NULL;NULL;NULL;NULL;NULL;1
NULL;197;99a;3E;MAESTR X;2022-02-01 00:00:00.0000000;1;1;CORREO@;Numero X;SEDE X;NULL;NULL;NULL;NULL;NULL;NULL;1
NULL;198;2B;4F;MAESTR Z;2021-06-10 00:00:00.0000000;1;0;CORREO@;Numero X;SEDE Y;NULL;NULL;NULL;NULL;NULL;NULL;1
NULL;199;100a;3E;ESP.X;2021-07-26 00:00:00.0000000;1;1;CORREO@;Numero X;SEDE Y;NULL;NULL;NULL;NULL;NULL;NULL;NULL
NULL;200;2B;4F;MAESTR Z;2020-07-30 00:00:00.0000000;1;1;CORREO@;Numero X;SEDE Y;NULL;NULL;NULL;NULL;NULL;NULL;1
NULL;201;101a;3E;ESPECIALIZACIO R;2020-07-10 00:00:00.0000000;1;0;CORREO@;Numero X;SEDE X;NULL;NULL;NULL;NULL;NULL;NULL;0
NULL;202;2B;4F;MAESTR Y;2022-02-10 00:00:00.0000000;1;0;CORREO@;Numero X;SEDE X;NULL;NULL;NULL;NULL;NULL;NULL;1
NULL;203;102a;3E;ESPECIALIZACIO R;2021-08-12 00:00:00.0000000;0;0;CORREO@;Numero X;SEDE X;NULL;NULL;NULL;NULL;NULL;NULL;0
NULL;204;2B;4F;ESPECIALIZACIO R;2021-03-27 00:00:00.0000000;0;0;CORREO@;Numero X;SEDE X;NULL;NULL;NULL;NULL;NULL;NULL;0
NULL;205;103a;3E;ESPECIALIZACIO R;2021-07-29 00:00:00.0000000;0;0;CORREO@;Numero X;SEDE X;NULL;NULL;NULL;NULL;NULL;NULL;0
NULL;206;2B;4F;ESPECIALIZACIO R;2021-07-05 00:00:00.0000000;0;0;CORREO@;Numero X;SEDE X;NULL;NULL;NULL;NULL;NULL;NULL;0
NULL;207;104a;3E;ESP.X;2020-07-13 00:00:00.0000000;1;1;CORREO@;Numero X;SEDE Y;NULL;NULL;NULL;NULL;NULL;NULL;NULL
NULL;208;2B;4F;ESPECIALIZACI X;2022-02-15 00:00:00.0000000;1;1;CORREO@;Numero X;SEDE X;NULL;NULL;NULL;NULL;NULL;NULL;NULL
NULL;209;105a;3E;ESP.X;2021-06-08 00:00:00.0000000;1;1;CORREO@;Numero X;SEDE Y;NULL;NULL;NULL;NULL;NULL;NULL;NULL
NULL;210;2B;4F;ESPECIALIZACI W;2022-02-22 00:00:00.0000000;1;0;CORREO@;Numero X;SEDE X;NULL;NULL;NULL;NULL;NULL;NULL;NULL
NULL;211;106a;3E;ESPECIALIZACI X;2021-02-19 00:00:00.0000000;1;0;CORREO@;Numero X;SEDE X;NULL;NULL;NULL;NULL;NULL;NULL;NULL
NULL;212;2B;4F;MAESTR Y;2022-02-01 00:00:00.0000000;0;0;CORREO@;Numero X;SEDE X;NULL;NULL;NULL;NULL;NULL;NULL;1
NULL;213;107a;3E;MAESTR Z;2021-06-12 00:00:00.0000000;1;0;CORREO@;Numero X;SEDE Y;NULL;NULL;NULL;NULL;NULL;NULL;1
NULL;214;2B;4F;ESP.X;2021-07-05 00:00:00.0000000;0;0;CORREO@;Numero X;SEDE Y;NULL;NULL;NULL;NULL;NULL;NULL;NULL
NULL;215;108a;3E;ESPECIALIZACIO R;2020-07-03 00:00:00.0000000;1;0;CORREO@;Numero X;SEDE X;NULL;NULL;NULL;NULL;NULL;NULL;0
NULL;216;2B;4F;MAESTR Z;2021-08-13 00:00:00.0000000;1;1;CORREO@;Numero X;SEDE Y;NULL;NULL;NULL;NULL;NULL;NULL;1
NULL;217;109a;3E;MAESTR Z;2021-07-13 00:00:00.0000000;1;1;CORREO@;Numero X;SEDE Y;NULL;NULL;NULL;NULL;NULL;NULL;1
NULL;218;2B;4F;MAESTR Y;2020-08-02 00:00:00.0000000;1;0;CORREO@;Numero X;SEDE X;NULL;NULL;NULL;NULL;NULL;NULL;1
NULL;219;110a;3E;DOCTORADO Z;2022-03-12 00:00:00.0000000;1;1;CORREO@;Numero X;SEDE Y;NULL;NULL;NULL;NULL;NULL;NULL;2
NULL;220;2B;4F;MAESTR Z;2020-08-08 00:00:00.0000000;1;1;CORREO@;Numero X;SEDE Y;NULL;NULL;NULL;NULL;NULL;NULL;1
NULL;221;111a;3E;ESPECIALIZACI A;2020-08-13 00:00:00.0000000;1;0;CORREO@;Numero X;SEDE X;NULL;NULL;NULL;NULL;NULL;NULL;NULL
NULL;222;2B;4F;ESPECIALIZACI W;2021-03-02 00:00:00.0000000;1;1;CORREO@;Numero X;SEDE X;NULL;NULL;NULL;NULL;NULL;NULL;NULL
NULL;223;112a;3E;ESPECIALIZACIO R;2021-03-04 00:00:00.0000000;1;0;CORREO@;Numero X;SEDE X;NULL;NULL;NULL;NULL;NULL;NULL;0
NULL;224;2B;4F;MAESTR Z;2021-08-13 00:00:00.0000000;1;1;CORREO@;Numero X;SEDE Y;NULL;NULL;NULL;NULL;NULL;NULL;1
NULL;225;113a;3E;ESPECIALIZACI X;2021-03-19 00:00:00.0000000;1;1;CORREO@;Numero X;SEDE X;NULL;NULL;NULL;NULL;NULL;NULL;NULL
NULL;226;2B;4F;DOCTORADO Z;2021-02-15 00:00:00.0000000;1;0;CORREO@;Numero X;SEDE Y;NULL;NULL;NULL;NULL;NULL;NULL;2
NULL;227;114a;3E;DOCTORADO Z;2022-02-03 00:00:00.0000000;1;0;CORREO@;Numero X;SEDE Y;NULL;NULL;NULL;NULL;NULL;NULL;2
NULL;228;2B;4F;ESPECIALIZACI W;2021-02-08 00:00:00.0000000;1;0;CORREO@;Numero X;SEDE X;NULL;NULL;NULL;NULL;NULL;NULL;NULL
NULL;229;115a;3E;MAESTR Y;2022-02-01 00:00:00.0000000;0;0;CORREO@;Numero X;SEDE X;NULL;NULL;NULL;NULL;NULL;NULL;1
NULL;230;2B;4F;DOCTORADO Y;2021-02-13 00:00:00.0000000;1;0;CORREO@;Numero X;SEDE X;NULL;NULL;NULL;NULL;NULL;NULL;2
NULL;231;116a;3E;MAESTR X;2021-03-12 00:00:00.0000000;1;1;CORREO@;Numero X;SEDE X;NULL;NULL;NULL;NULL;NULL;NULL;1
NULL;232;2B;4F;ESPECIALIZACI X;2022-03-28 00:00:00.0000000;1;0;CORREO@;Numero X;SEDE X;NULL;NULL;NULL;NULL;NULL;NULL;NULL
NULL;233;117a;3E;DOCTORADO Y;2021-02-17 00:00:00.0000000;1;0;CORREO@;Numero X;SEDE X;NULL;NULL;NULL;NULL;NULL;NULL;2
NULL;234;2B;4F;ESP.X;2020-08-01 00:00:00.0000000;1;1;CORREO@;Numero X;SEDE Y;NULL;NULL;NULL;NULL;NULL;NULL;NULL
NULL;235;118a;3E;MAESTR Y;2020-07-22 00:00:00.0000000;1;1;CORREO@;Numero X;SEDE X;NULL;NULL;NULL;NULL;NULL;NULL;1
NULL;236;2B;4F;MAESTR Y;2022-02-01 00:00:00.0000000;0;0;CORREO@;Numero X;SEDE X;NULL;NULL;NULL;NULL;NULL;NULL;1
NULL;237;119a;3E;ESPECIALIZACI X;2022-02-20 00:00:00.0000000;1;1;CORREO@;Numero X;SEDE X;NULL;NULL;NULL;NULL;NULL;NULL;NULL
NULL;238;2B;4F;ESP.X;2021-06-11 00:00:00.0000000;1;1;CORREO@;Numero X;SEDE Y;NULL;NULL;NULL;NULL;NULL;NULL;NULL
NULL;239;120a;3E;ESPECIALIZACIO R;2021-07-31 00:00:00.0000000;0;0;CORREO@;Numero X;SEDE X;NULL;NULL;NULL;NULL;NULL;NULL;0
NULL;240;2B;4F;ESPECIALIZACIO R;2021-03-07 00:00:00.0000000;1;0;CORREO@;Numero X;SEDE X;NULL;NULL;NULL;NULL;NULL;NULL;0
NULL;241;121a;3E;MAESTR Z;2020-07-22 00:00:00.0000000;1;1;CORREO@;Numero X;SEDE Y;NULL;NULL;NULL;NULL;NULL;NULL;1
NULL;242;2B;4F;DOCTORADO Y;2022-02-01 00:00:00.0000000;0;0;CORREO@;Numero X;SEDE X;NULL;NULL;NULL;NULL;NULL;NULL;2
NULL;243;122a;3E;ESP.X;2021-06-07 00:00:00.0000000;0;0;CORREO@;Numero X;SEDE Y;NULL;NULL;NULL;NULL;NULL;NULL;NULL
NULL;244;2B;4F;MAESTR Z;2020-08-11 00:00:00.0000000;1;1;CORREO@;Numero X;SEDE Y;NULL;NULL;NULL;NULL;NULL;NULL;1
NULL;245;123a;3E;ESPECIALIZACI A;2020-08-11 00:00:00.0000000;1;0;CORREO@;Numero X;SEDE X;NULL;NULL;NULL;NULL;NULL;NULL;NULL
NULL;246;2B;4F;DOCTORADO Z;2022-02-15 00:00:00.0000000;0;0;CORREO@;Numero X;SEDE Y;NULL;NULL;NULL;NULL;NULL;NULL;2
NULL;247;124a;3E;ESP.X;2020-08-14 00:00:00.0000000;1;1;CORREO@;Numero X;SEDE Y;NULL;NULL;NULL;NULL;NULL;NULL;NULL
NULL;248;2B;4F;ESP.X;2020-07-01 00:00:00.0000000;1;1;CORREO@;Numero X;SEDE Y;NULL;NULL;NULL;NULL;NULL;NULL;NULL
NULL;249;125a;3E;MAESTR Z;2020-07-30 00:00:00.0000000;1;1;CORREO@;Numero X;SEDE Y;NULL;NULL;NULL;NULL;NULL;NULL;1
NULL;250;2B;4F;DOCTORADO Y;2022-02-01 00:00:00.0000000;0;0;CORREO@;Numero X;SEDE X;NULL;NULL;NULL;NULL;NULL;NULL;2
NULL;251;126a;3E;ESPECIALIZACIO R;2022-02-25 00:00:00.0000000;0;0;CORREO@;Numero X;SEDE X;NULL;NULL;NULL;NULL;NULL;NULL;0
NULL;252;2B;4F;ESPECIALIZACIO R;2021-08-02 00:00:00.0000000;0;0;CORREO@;Numero X;SEDE X;NULL;NULL;NULL;NULL;NULL;NULL;0
NULL;253;127a;3E;ESP.X;2021-07-13 00:00:00.0000000;0;0;CORREO@;Numero X;SEDE Y;NULL;NULL;NULL;NULL;NULL;NULL;NULL
NULL;254;2B;4F;MAESTR Y;2020-08-13 00:00:00.0000000;1;0;CORREO@;Numero X;SEDE X;NULL;NULL;NULL;NULL;NULL;NULL;1
NULL;255;128a;3E;ESPECIALIZACI X;2022-02-16 00:00:00.0000000;0;0;CORREO@;Numero X;SEDE X;NULL;NULL;NULL;NULL;NULL;NULL;NULL
NULL;256;2B;4F;MAESTR Y;2022-02-17 00:00:00.0000000;0;0;CORREO@;Numero X;SEDE X;NULL;NULL;NULL;NULL;NULL;NULL;1
NULL;257;129a;3E;ESPECIALIZACI W;2022-03-07 00:00:00.0000000;1;1;CORREO@;Numero X;SEDE X;NULL;NULL;NULL;NULL;NULL;NULL;NULL
NULL;258;2B;4F;MAESTR Y;2020-08-14 00:00:00.0000000;1;1;CORREO@;Numero X;SEDE X;NULL;NULL;NULL;NULL;NULL;NULL;1
NULL;259;130a;3E;ESPECIALIZACI A;2020-07-17 00:00:00.0000000;1;1;CORREO@;Numero X;SEDE X;NULL;NULL;NULL;NULL;NULL;NULL;NULL
NULL;260;2B;4F;MAESTR Z;2021-06-08 00:00:00.0000000;1;1;CORREO@;Numero X;SEDE Y;NULL;NULL;NULL;NULL;NULL;NULL;1
NULL;261;131a;3E;MAESTR X;2021-03-22 00:00:00.0000000;1;1;CORREO@;Numero X;SEDE X;NULL;NULL;NULL;NULL;NULL;NULL;1
NULL;262;2B;4F;ESP.X;2020-08-09 00:00:00.0000000;1;1;CORREO@;Numero X;SEDE Y;NULL;NULL;NULL;NULL;NULL;NULL;NULL
NULL;263;132a;3E;DOCTORADO Z;2021-03-08 00:00:00.0000000;1;1;CORREO@;Numero X;SEDE Y;NULL;NULL;NULL;NULL;NULL;NULL;2
NULL;264;2B;4F;MAETR R;2021-02-05 00:00:00.0000000;1;0;CORREO@;Numero X;SEDE X;NULL;NULL;NULL;NULL;NULL;NULL;NULL
NULL;265;133a;3E;ESPECIALIZACI X;2022-03-15 00:00:00.0000000;1;0;CORREO@;Numero X;SEDE X;NULL;NULL;NULL;NULL;NULL;NULL;NULL
NULL;266;2B;4F;ESPECIALIZACI W;2021-02-17 00:00:00.0000000;1;0;CORREO@;Numero X;SEDE X;NULL;NULL;NULL;NULL;NULL;NULL;NULL
NULL;267;134a;3E;ESP.X;2021-06-14 00:00:00.0000000;1;1;CORREO@;Numero X;SEDE Y;NULL;NULL;NULL;NULL;NULL;NULL;NULL
NULL;268;2B;4F;ESPECIALIZACI A;2021-03-12 00:00:00.0000000;1;0;CORREO@;Numero X;SEDE X;NULL;NULL;NULL;NULL;NULL;NULL;NULL
NULL;269;135a;3E;ESPECIALIZACIO R;2022-03-03 00:00:00.0000000;0;0;CORREO@;Numero X;SEDE X;NULL;NULL;NULL;NULL;NULL;NULL;0
NULL;270;2B;4F;ESPECIALIZACIO R;2022-02-18 00:00:00.0000000;0;0;CORREO@;Numero X;SEDE X;NULL;NULL;NULL;NULL;NULL;NULL;0
NULL;271;136a;3E;ESPECIALIZACI X;2021-03-30 00:00:00.0000000;1;1;CORREO@;Numero X;SEDE X;NULL;NULL;NULL;NULL;NULL;NULL;NULL
NULL;272;2B;4F;ESP.X;2021-06-08 00:00:00.0000000;1;1;CORREO@;Numero X;SEDE Y;NULL;NULL;NULL;NULL;NULL;NULL;NULL
NULL;273;137a;3E;MAESTR Z;2020-08-03 00:00:00.0000000;1;1;CORREO@;Numero X;SEDE Y;NULL;NULL;NULL;NULL;NULL;NULL;1
NULL;274;2B;4F;DOCTORADO Z;2022-03-07 00:00:00.0000000;0;0;CORREO@;Numero X;SEDE Y;NULL;NULL;NULL;NULL;NULL;NULL;2
NULL;275;138a;3E;ESPECIALIZACI W;2021-03-18 00:00:00.0000000;1;1;CORREO@;Numero X;SEDE X;NULL;NULL;NULL;NULL;NULL;NULL;NULL
NULL;276;2B;4F;MAESTR Y;2020-08-11 00:00:00.0000000;1;1;CORREO@;Numero X;SEDE X;NULL;NULL;NULL;NULL;NULL;NULL;1
NULL;277;139a;3E;DOCTORADO Y;2022-03-14 00:00:00.0000000;0;0;CORREO@;Numero X;SEDE X;NULL;NULL;NULL;NULL;NULL;NULL;2
NULL;278;2B;4F;ESP.X;2020-07-01 00:00:00.0000000;1;1;CORREO@;Numero X;SEDE Y;NULL;NULL;NULL;NULL;NULL;NULL;NULL
NULL;279;140a;3E;ESPECIALIZACI W;2021-03-19 00:00:00.0000000;1;1;CORREO@;Numero X;SEDE X;NULL;NULL;NULL;NULL;NULL;NULL;NULL
NULL;280;2B;4F;DOCTORADO Z;2021-03-17 00:00:00.0000000;1;0;CORREO@;Numero X;SEDE Y;NULL;NULL;NULL;NULL;NULL;NULL;2
NULL;281;141a;3E;ESPECIALIZACI W;2022-02-13 00:00:00.0000000;1;1;CORREO@;Numero X;SEDE X;NULL;NULL;NULL;NULL;NULL;NULL;NULL
NULL;282;2B;4F;ESPECIALIZACI W;2021-02-26 00:00:00.0000000;1;0;CORREO@;Numero X;SEDE X;NULL;NULL;NULL;NULL;NULL;NULL;NULL
NULL;283;142a;3E;ESP.X;2021-06-07 00:00:00.0000000;1;0;CORREO@;Numero X;SEDE Y;NULL;NULL;NULL;NULL;NULL;NULL;NULL
NULL;284;2B;4F;ESPECIALIZACI A;2020-08-14 00:00:00.0000000;1;1;CORREO@;Numero X;SEDE X;NULL;NULL;NULL;NULL;NULL;NULL;NULL
NULL;285;143a;3E;ESPECIALIZACIO R;2021-07-08 00:00:00.0000000;0;0;CORREO@;Numero X;SEDE X;NULL;NULL;NULL;NULL;NULL;NULL;0
NULL;286;2B;4F;ESP.X;2020-06-30 00:00:00.0000000;1;1;CORREO@;Numero X;SEDE Y;NULL;NULL;NULL;NULL;NULL;NULL;NULL
NULL;287;144a;3E;ESPECIALIZACI X;2021-02-08 00:00:00.0000000;1;0;CORREO@;Numero X;SEDE X;NULL;NULL;NULL;NULL;NULL;NULL;NULL
NULL;288;2B;4F;ESP.X;2021-06-09 00:00:00.0000000;0;0;CORREO@;Numero X;SEDE Y;NULL;NULL;NULL;NULL;NULL;NULL;NULL
NULL;289;145a;3E;MAESTR Y;2020-08-11 00:00:00.0000000;1;1;CORREO@;Numero X;SEDE X;NULL;NULL;NULL;NULL;NULL;NULL;1
NULL;290;2B;4F;ESPECIALIZACIO R;2022-03-13 00:00:00.0000000;0;0;CORREO@;Numero X;SEDE X;NULL;NULL;NULL;NULL;NULL;NULL;0
NULL;291;146a;3E;MAESTR X;2022-02-17 00:00:00.0000000;1;1;CORREO@;Numero X;SEDE X;NULL;NULL;NULL;NULL;NULL;NULL;1
NULL;292;2B;4F;ESP.X;2021-07-10 00:00:00.0000000;1;0;CORREO@;Numero X;SEDE Y;NULL;NULL;NULL;NULL;NULL;NULL;NULL
NULL;293;147a;3E;ESPECIALIZACI W;2022-02-01 00:00:00.0000000;0;0;CORREO@;Numero X;SEDE X;NULL;NULL;NULL;NULL;NULL;NULL;NULL
NULL;294;2B;4F;ESPECIALIZACI W;2022-02-01 00:00:00.0000000;0;0;CORREO@;Numero X;SEDE X;NULL;NULL;NULL;NULL;NULL;NULL;NULL
NULL;295;148a;3E;MAESTR Y;2022-02-01 00:00:00.0000000;0;0;CORREO@;Numero X;SEDE X;NULL;NULL;NULL;NULL;NULL;NULL;1
NULL;296;2B;4F;ESPECIALIZACI X;2021-03-17 00:00:00.0000000;1;1;CORREO@;Numero X;SEDE X;NULL;NULL;NULL;NULL;NULL;NULL;NULL
NULL;297;149a;3E;DOCTORADO Z;2021-02-04 00:00:00.0000000;1;1;CORREO@;Numero X;SEDE Y;NULL;NULL;NULL;NULL;NULL;NULL;2
NULL;298;2B;4F;MAESTR X;2021-02-21 00:00:00.0000000;1;0;CORREO@;Numero X;SEDE X;NULL;NULL;NULL;NULL;NULL;NULL;1
NULL;299;150a;3E;MAESTR X;2021-02-05 00:00:00.0000000;1;1;CORREO@;Numero X;SEDE X;NULL;NULL;NULL;NULL;NULL;NULL;1
NULL;300;2B;4F;MAESTR Z;2021-06-17 00:00:00.0000000;1;0;CORREO@;Numero X;SEDE Y;NULL;NULL;NULL;NULL;NULL;NULL;1
NULL;301;151a;3E;MAESTR Z;2021-06-07 00:00:00.0000000;1;1;CORREO@;Numero X;SEDE Y;NULL;NULL;NULL;NULL;NULL;NULL;1
NULL;302;2B;4F;MAESTR Y;2020-08-07 00:00:00.0000000;1;0;CORREO@;Numero X;SEDE X;NULL;NULL;NULL;NULL;NULL;NULL;1
NULL;303;152a;3E;ESPECIALIZACI A;2022-03-10 00:00:00.0000000;1;0;CORREO@;Numero X;SEDE X;NULL;NULL;NULL;NULL;NULL;NULL;NULL
NULL;304;2B;4F;ESPECIALIZACI W;2021-02-24 00:00:00.0000000;1;0;CORREO@;Numero X;SEDE X;NULL;NULL;NULL;NULL;NULL;NULL;NULL
NULL;305;153a;3E;ESPECIALIZACI W;2021-02-24 00:00:00.0000000;1;0;CORREO@;Numero X;SEDE X;NULL;NULL;NULL;NULL;NULL;NULL;NULL
NULL;306;2B;4F;ESPECIALIZACIO R;2022-03-09 00:00:00.0000000;0;0;CORREO@;Numero X;SEDE X;NULL;NULL;NULL;NULL;NULL;NULL;0
NULL;307;154a;3E;ESPECIALIZACI W;2021-02-19 00:00:00.0000000;1;0;CORREO@;Numero X;SEDE X;NULL;NULL;NULL;NULL;NULL;NULL;NULL
NULL;308;2B;4F;ESPECIALIZACI W;2022-03-23 00:00:00.0000000;1;1;CORREO@;Numero X;SEDE X;NULL;NULL;NULL;NULL;NULL;NULL;NULL
NULL;309;155a;3E;MAESTR Z;2021-08-13 00:00:00.0000000;1;0;CORREO@;Numero X;SEDE Y;NULL;NULL;NULL;NULL;NULL;NULL;1
NULL;310;2B;4F;ESP.X;2020-08-05 00:00:00.0000000;1;0;CORREO@;Numero X;SEDE Y;NULL;NULL;NULL;NULL;NULL;NULL;NULL
NULL;311;156a;3E;ESPECIALIZACI X;2022-03-25 00:00:00.0000000;1;0;CORREO@;Numero X;SEDE X;NULL;NULL;NULL;NULL;NULL;NULL;NULL
NULL;312;2B;4F;DOCTORADO Z;2021-03-24 00:00:00.0000000;1;1;CORREO@;Numero X;SEDE Y;NULL;NULL;NULL;NULL;NULL;NULL;2
NULL;313;157a;3E;ESPECIALIZACI X;2021-03-22 00:00:00.0000000;1;1;CORREO@;Numero X;SEDE X;NULL;NULL;NULL;NULL;NULL;NULL;NULL
NULL;314;2B;4F;ESP.X;2020-08-09 00:00:00.0000000;1;1;CORREO@;Numero X;SEDE Y;NULL;NULL;NULL;NULL;NULL;NULL;NULL
NULL;315;158a;3E;ESPECIALIZACI W;2021-03-05 00:00:00.0000000;1;1;CORREO@;Numero X;SEDE X;NULL;NULL;NULL;NULL;NULL;NULL;NULL
NULL;316;2B;4F;ESP.X;2020-08-06 00:00:00.0000000;1;1;CORREO@;Numero X;SEDE Y;NULL;NULL;NULL;NULL;NULL;NULL;NULL
NULL;317;159a;3E;ESP.X;2020-08-01 00:00:00.0000000;1;1;CORREO@;Numero X;SEDE Y;NULL;NULL;NULL;NULL;NULL;NULL;NULL
NULL;318;2B;4F;ESPECIALIZACIO R;2022-02-26 00:00:00.0000000;0;0;CORREO@;Numero X;SEDE X;NULL;NULL;NULL;NULL;NULL;NULL;0
NULL;319;160a;3E;ESP.X;2020-07-12 00:00:00.0000000;1;0;CORREO@;Numero X;SEDE Y;NULL;NULL;NULL;NULL;NULL;NULL;NULL
NULL;320;2B;4F;ESP.X;2020-08-05 00:00:00.0000000;1;0;CORREO@;Numero X;SEDE Y;NULL;NULL;NULL;NULL;NULL;NULL;NULL
NULL;321;161a;3E;DOCTORADO Z;2021-02-08 00:00:00.0000000;1;1;CORREO@;Numero X;SEDE Y;NULL;NULL;NULL;NULL;NULL;NULL;2
NULL;322;2B;4F;MAESTR Y;2022-02-01 00:00:00.0000000;0;0;CORREO@;Numero X;SEDE X;NULL;NULL;NULL;NULL;NULL;NULL;1
NULL;323;162a;3E;ESPECIALIZACI W;2021-03-29 00:00:00.0000000;0;0;CORREO@;Numero X;SEDE X;NULL;NULL;NULL;NULL;NULL;NULL;NULL
NULL;324;2B;4F;MAESTR Y;2020-07-20 00:00:00.0000000;1;0;CORREO@;Numero X;SEDE X;NULL;NULL;NULL;NULL;NULL;NULL;1
NULL;325;163a;3E;ESPECIALIZACI X;2021-03-30 00:00:00.0000000;1;1;CORREO@;Numero X;SEDE X;NULL;NULL;NULL;NULL;NULL;NULL;NULL
NULL;326;2B;4F;ESPECIALIZACI X;2021-03-30 00:00:00.0000000;1;0;CORREO@;Numero X;SEDE X;NULL;NULL;NULL;NULL;NULL;NULL;NULL
NULL;327;164a;3E;MAESTR Y;2020-08-14 00:00:00.0000000;1;1;CORREO@;Numero X;SEDE X;NULL;NULL;NULL;NULL;NULL;NULL;1
NULL;328;2B;4F;DOCTORADO Y;2022-02-24 00:00:00.0000000;0;0;CORREO@;Numero X;SEDE X;NULL;NULL;NULL;NULL;NULL;NULL;2
NULL;329;165a;3E;ESPECIALIZACI W;2022-02-15 00:00:00.0000000;0;0;CORREO@;Numero X;SEDE X;NULL;NULL;NULL;NULL;NULL;NULL;NULL
NULL;330;2B;4F;ESP.X;2021-06-14 00:00:00.0000000;1;1;CORREO@;Numero X;SEDE Y;NULL;NULL;NULL;NULL;NULL;NULL;NULL
NULL;331;166a;3E;ESPECIALIZACIO R;2021-07-07 00:00:00.0000000;0;0;CORREO@;Numero X;SEDE X;NULL;NULL;NULL;NULL;NULL;NULL;0
NULL;332;2B;4F;MAETR R;2021-02-05 00:00:00.0000000;1;0;CORREO@;Numero X;SEDE X;NULL;NULL;NULL;NULL;NULL;NULL;NULL
NULL;333;167a;3E;MAESTR Y;2020-07-17 00:00:00.0000000;1;0;CORREO@;Numero X;SEDE X;NULL;NULL;NULL;NULL;NULL;NULL;1
NULL;334;2B;4F;ESPECIALIZACIO R;2021-02-11 00:00:00.0000000;1;0;CORREO@;Numero X;SEDE X;NULL;NULL;NULL;NULL;NULL;NULL;0
NULL;335;168a;3E;MAESTR X;2021-03-19 00:00:00.0000000;1;0;CORREO@;Numero X;SEDE X;NULL;NULL;NULL;NULL;NULL;NULL;1
NULL;336;2B;4F;MAESTR Y;2022-02-14 00:00:00.0000000;0;0;CORREO@;Numero X;SEDE X;NULL;NULL;NULL;NULL;NULL;NULL;1
NULL;337;169a;3E;ESPECIALIZACIO R;2021-07-14 00:00:00.0000000;0;0;CORREO@;Numero X;SEDE X;NULL;NULL;NULL;NULL;NULL;NULL;0
NULL;338;2B;4F;ESPECIALIZACI W;2021-02-04 00:00:00.0000000;1;0;CORREO@;Numero X;SEDE X;NULL;NULL;NULL;NULL;NULL;NULL;NULL
NULL;339;170a;3E;Diplomatura X;2021-07-12 00:00:00.0000000;0;0;CORREO@;Numero X;SEDE X;NULL;NULL;NULL;NULL;NULL;NULL;NULL
NULL;340;2B;4F;MAESTR Z;2021-06-08 00:00:00.0000000;0;0;CORREO@;Numero X;SEDE Y;NULL;NULL;NULL;NULL;NULL;NULL;1
NULL;341;171a;3E;ESPECIALIZACI W;2021-03-21 00:00:00.0000000;1;1;CORREO@;Numero X;SEDE X;NULL;NULL;NULL;NULL;NULL;NULL;NULL
NULL;342;2B;4F;DOCTORADO Z;2022-02-23 00:00:00.0000000;0;0;CORREO@;Numero X;SEDE Y;NULL;NULL;NULL;NULL;NULL;NULL;2
NULL;343;172a;3E;ESP.X;2020-07-14 00:00:00.0000000;1;0;CORREO@;Numero X;SEDE Y;NULL;NULL;NULL;NULL;NULL;NULL;NULL
NULL;344;2B;4F;ESPECIALIZACIO R;2021-08-09 00:00:00.0000000;0;0;CORREO@;Numero X;SEDE X;NULL;NULL;NULL;NULL;NULL;NULL;0
NULL;345;173a;3E;ESPECIALIZACI A;2021-07-05 00:00:00.0000000;0;0;CORREO@;Numero X;SEDE X;NULL;NULL;NULL;NULL;NULL;NULL;NULL
NULL;346;2B;4F;ESPECIALIZACI W;2022-03-09 00:00:00.0000000;1;1;CORREO@;Numero X;SEDE X;NULL;NULL;NULL;NULL;NULL;NULL;NULL
NULL;347;174a;3E;ESPECIALIZACI W;2022-02-16 00:00:00.0000000;1;1;CORREO@;Numero X;SEDE X;NULL;NULL;NULL;NULL;NULL;NULL;NULL
NULL;348;2B;4F;DOCTORADO Z;2021-02-19 00:00:00.0000000;1;1;CORREO@;Numero X;SEDE Y;NULL;NULL;NULL;NULL;NULL;NULL;2
NULL;349;175a;3E;MAESTR X;2021-03-23 00:00:00.0000000;1;1;CORREO@;Numero X;SEDE X;NULL;NULL;NULL;NULL;NULL;NULL;1
NULL;350;2B;4F;ESPECIALIZACIO R;2021-08-02 00:00:00.0000000;0;0;CORREO@;Numero X;SEDE X;NULL;NULL;NULL;NULL;NULL;NULL;0
NULL;351;176a;3E;ESPECIALIZACIO R;2020-08-06 00:00:00.0000000;1;0;CORREO@;Numero X;SEDE X;NULL;NULL;NULL;NULL;NULL;NULL;0
NULL;352;2B;4F;ESP.X;2020-08-13 00:00:00.0000000;1;1;CORREO@;Numero X;SEDE Y;NULL;NULL;NULL;NULL;NULL;NULL;NULL
NULL;353;177a;3E;DOCTORADO Z;2021-03-17 00:00:00.0000000;1;1;CORREO@;Numero X;SEDE Y;NULL;NULL;NULL;NULL;NULL;NULL;2
NULL;354;2B;4F;DOCTORADO Z;2022-03-18 00:00:00.0000000;1;1;CORREO@;Numero X;SEDE Y;NULL;NULL;NULL;NULL;NULL;NULL;2
NULL;355;178a;3E;MAESTR X;2020-08-14 00:00:00.0000000;1;0;CORREO@;Numero X;SEDE X;NULL;NULL;NULL;NULL;NULL;NULL;1
NULL;356;2B;4F;ESPECIALIZACI A;2022-03-11 00:00:00.0000000;1;1;CORREO@;Numero X;SEDE X;NULL;NULL;NULL;NULL;NULL;NULL;NULL
NULL;357;179a;3E;ESPECIALIZACIO R;2020-07-31 00:00:00.0000000;1;0;CORREO@;Numero X;SEDE X;NULL;NULL;NULL;NULL;NULL;NULL;0
NULL;358;2B;4F;DOCTORADO Z;2022-02-03 00:00:00.0000000;0;0;CORREO@;Numero X;SEDE Y;NULL;NULL;NULL;NULL;NULL;NULL;2
DNI       ;359;180a;3E;ESP.X;2021-08-05 00:00:00.0000000;1;0;CORREO@;Numero X;SEDE Y;NULL;NULL;NULL;NULL;NULL;NULL;NULL
NULL;360;2B;4F;ESPECIALIZACI A;2022-02-06 00:00:00.0000000;1;1;CORREO@;Numero X;SEDE X;NULL;NULL;NULL;NULL;NULL;NULL;NULL
NULL;361;181a;3E;ESPECIALIZACI A;2021-06-17 00:00:00.0000000;0;0;CORREO@;Numero X;SEDE X;NULL;NULL;NULL;NULL;NULL;NULL;NULL
NULL;362;2B;4F;ESPECIALIZACI X;2022-03-08 00:00:00.0000000;1;1;CORREO@;Numero X;SEDE X;NULL;NULL;NULL;NULL;NULL;NULL;NULL
NULL;363;182a;3E;ESPECIALIZACI X;2021-03-10 00:00:00.0000000;1;1;CORREO@;Numero X;SEDE X;NULL;NULL;NULL;NULL;NULL;NULL;NULL
NULL;364;2B;4F;DOCTORADO Z;2021-02-16 00:00:00.0000000;1;1;CORREO@;Numero X;SEDE Y;NULL;NULL;NULL;NULL;NULL;NULL;2
NULL;365;183a;3E;ESP.X;2020-08-14 00:00:00.0000000;1;1;CORREO@;Numero X;SEDE Y;NULL;NULL;NULL;NULL;NULL;NULL;NULL
NULL;366;2B;4F;ESPECIALIZACI X;2022-03-14 00:00:00.0000000;1;1;CORREO@;Numero X;SEDE X;NULL;NULL;NULL;NULL;NULL;NULL;NULL
NULL;367;184a;3E;ESP.X;2020-07-26 00:00:00.0000000;1;0;CORREO@;Numero X;SEDE Y;NULL;NULL;NULL;NULL;NULL;NULL;NULL
NULL;368;2B;4F;ESPECIALIZACI W;2022-03-09 00:00:00.0000000;1;1;CORREO@;Numero X;SEDE X;NULL;NULL;NULL;NULL;NULL;NULL;NULL
NULL;369;185a;3E;ESP.X;2021-07-29 00:00:00.0000000;1;1;CORREO@;Numero X;SEDE Y;NULL;NULL;NULL;NULL;NULL;NULL;NULL
NULL;370;2B;4F;MAESTR Y;2020-08-21 00:00:00.0000000;1;1;CORREO@;Numero X;SEDE X;NULL;NULL;NULL;NULL;NULL;NULL;1
NULL;371;186a;3E;MAESTR Y;2020-07-14 00:00:00.0000000;1;1;CORREO@;Numero X;SEDE X;NULL;NULL;NULL;NULL;NULL;NULL;1
NULL;372;2B;4F;DOCTORADO Y;2022-03-11 00:00:00.0000000;0;0;CORREO@;Numero X;SEDE X;NULL;NULL;NULL;NULL;NULL;NULL;2
NULL;373;187a;3E;MAESTR Z;2021-06-07 00:00:00.0000000;1;1;CORREO@;Numero X;SEDE Y;NULL;NULL;NULL;NULL;NULL;NULL;1
NULL;374;2B;4F;ESPECIALIZACI X;2021-03-30 00:00:00.0000000;1;1;CORREO@;Numero X;SEDE X;NULL;NULL;NULL;NULL;NULL;NULL;NULL
NULL;375;188a;3E;ESPECIALIZACIO R;2021-07-20 00:00:00.0000000;0;0;CORREO@;Numero X;SEDE X;NULL;NULL;NULL;NULL;NULL;NULL;0
NULL;376;2B;4F;ESPECIALIZACI X;2021-03-19 00:00:00.0000000;1;1;CORREO@;Numero X;SEDE X;NULL;NULL;NULL;NULL;NULL;NULL;NULL
NULL;377;189a;3E;ESPECIALIZACI X;2021-02-25 00:00:00.0000000;1;1;CORREO@;Numero X;SEDE X;NULL;NULL;NULL;NULL;NULL;NULL;NULL
NULL;378;2B;4F;ESPECIALIZACI X;2021-03-17 00:00:00.0000000;1;1;CORREO@;Numero X;SEDE X;NULL;NULL;NULL;NULL;NULL;NULL;NULL
NULL;379;190a;3E;MAESTR Y;2022-02-07 00:00:00.0000000;0;0;CORREO@;Numero X;SEDE X;NULL;NULL;NULL;NULL;NULL;NULL;1
NULL;380;2B;4F;ESPECIALIZACI X;2022-02-11 00:00:00.0000000;1;1;CORREO@;Numero X;SEDE X;NULL;NULL;NULL;NULL;NULL;NULL;NULL
NULL;381;191a;3E;ESPECIALIZACIO R;2021-06-14 00:00:00.0000000;1;0;CORREO@;Numero X;SEDE X;NULL;NULL;NULL;NULL;NULL;NULL;0
NULL;382;2B;4F;MAESTR Z;2021-08-13 00:00:00.0000000;1;1;CORREO@;Numero X;SEDE Y;NULL;NULL;NULL;NULL;NULL;NULL;1
NULL;383;192a;3E;MAESTR X;2021-02-17 00:00:00.0000000;1;1;CORREO@;Numero X;SEDE X;NULL;NULL;NULL;NULL;NULL;NULL;1
NULL;384;2B;4F;ESP.X;2021-08-10 00:00:00.0000000;1;1;CORREO@;Numero X;SEDE Y;NULL;NULL;NULL;NULL;NULL;NULL;NULL
NULL;385;193a;3E;ESPECIALIZACI X;2021-03-30 00:00:00.0000000;0;0;CORREO@;Numero X;SEDE X;NULL;NULL;NULL;NULL;NULL;NULL;NULL
NULL;386;2B;4F;MAESTR Z;2020-08-13 00:00:00.0000000;1;1;CORREO@;Numero X;SEDE Y;NULL;NULL;NULL;NULL;NULL;NULL;1
NULL;387;194a;3E;MAESTR Z;2021-06-07 00:00:00.0000000;1;0;CORREO@;Numero X;SEDE Y;NULL;NULL;NULL;NULL;NULL;NULL;1
NULL;388;2B;4F;MAESTR X;2021-03-25 00:00:00.0000000;1;1;CORREO@;Numero X;SEDE X;NULL;NULL;NULL;NULL;NULL;NULL;1
NULL;389;195a;3E;MAESTR X;2021-03-10 00:00:00.0000000;1;1;CORREO@;Numero X;SEDE X;NULL;NULL;NULL;NULL;NULL;NULL;1
NULL;390;2B;4F;MAESTR Y;2020-07-24 00:00:00.0000000;1;0;CORREO@;Numero X;SEDE X;NULL;NULL;NULL;NULL;NULL;NULL;1
NULL;391;196a;3E;MAESTR X;2020-08-13 00:00:00.0000000;1;1;CORREO@;Numero X;SEDE X;NULL;NULL;NULL;NULL;NULL;NULL;1
NULL;392;2B;4F;MAETR R;2021-03-04 00:00:00.0000000;1;0;CORREO@;Numero X;SEDE X;NULL;NULL;NULL;NULL;NULL;NULL;NULL
NULL;393;197a;3E;ESPECIALIZACI A;2022-03-25 00:00:00.0000000;1;1;CORREO@;Numero X;SEDE X;NULL;NULL;NULL;NULL;NULL;NULL;NULL
NULL;394;2B;4F;MAESTR X;2022-03-31 00:00:00.0000000;1;1;CORREO@;Numero X;SEDE X;NULL;NULL;NULL;NULL;NULL;NULL;1
NULL;395;198a;3E;ESPECIALIZACI X;2021-03-17 00:00:00.0000000;1;1;CORREO@;Numero X;SEDE X;NULL;NULL;NULL;NULL;NULL;NULL;NULL
NULL;396;2B;4F;ESPECIALIZACI W;2021-03-22 00:00:00.0000000;1;0;CORREO@;Numero X;SEDE X;NULL;NULL;NULL;NULL;NULL;NULL;NULL
NULL;397;199a;3E;ESP.X;2020-06-29 00:00:00.0000000;1;0;CORREO@;Numero X;SEDE Y;NULL;NULL;NULL;NULL;NULL;NULL;NULL
NULL;398;2B;4F;ESPECIALIZACI X;2021-03-11 00:00:00.0000000;1;1;CORREO@;Numero X;SEDE X;NULL;NULL;NULL;NULL;NULL;NULL;NULL
NULL;399;200a;3E;ESP.X;2021-08-09 00:00:00.0000000;1;1;CORREO@;Numero X;SEDE Y;NULL;NULL;NULL;NULL;NULL;NULL;NULL
NULL;400;2B;4F;ESPECIALIZACI A;2022-03-14 00:00:00.0000000;1;1;CORREO@;Numero X;SEDE X;NULL;NULL;NULL;NULL;NULL;NULL;NULL
NULL;401;201a;3E;CARRERA INDEFINIDA;2020-10-30 00:00:00.0000000;1;0;CORREO@;Numero X;SEDE X;NULL;NULL;NULL;NULL;NULL;NULL;NULL
NULL;402;2B;4F;ESPECIALIZACI A;2021-02-19 00:00:00.0000000;1;0;CORREO@;Numero X;SEDE X;NULL;NULL;NULL;NULL;NULL;NULL;NULL
NULL;403;202a;3E;ESPECIALIZACIO R;2020-07-29 00:00:00.0000000;1;0;CORREO@;Numero X;SEDE X;NULL;NULL;NULL;NULL;NULL;NULL;0
NULL;404;2B;4F;MAESTR X;2022-02-09 00:00:00.0000000;1;1;CORREO@;Numero X;SEDE X;NULL;NULL;NULL;NULL;NULL;NULL;1
NULL;405;203a;3E;DOCTORADO Z;2022-03-11 00:00:00.0000000;1;1;CORREO@;Numero X;SEDE Y;NULL;NULL;NULL;NULL;NULL;NULL;2
NULL;406;2B;4F;MAESTR Y;2020-07-13 00:00:00.0000000;1;1;CORREO@;Numero X;SEDE X;NULL;NULL;NULL;NULL;NULL;NULL;1
NULL;407;204a;3E;ESPECIALIZACI A;2021-03-22 00:00:00.0000000;0;0;CORREO@;Numero X;SEDE X;NULL;NULL;NULL;NULL;NULL;NULL;NULL
NULL;408;2B;4F;ESPECIALIZACI W;2022-03-14 00:00:00.0000000;1;1;CORREO@;Numero X;SEDE X;NULL;NULL;NULL;NULL;NULL;NULL;NULL
NULL;409;205a;3E;MAESTR X;2021-03-07 00:00:00.0000000;1;1;CORREO@;Numero X;SEDE X;NULL;NULL;NULL;NULL;NULL;NULL;1
NULL;410;2B;4F;ESPECIALIZACI A;2022-03-14 00:00:00.0000000;1;1;CORREO@;Numero X;SEDE X;NULL;NULL;NULL;NULL;NULL;NULL;NULL
NULL;411;206a;3E;ESPECIALIZACI A;2021-06-08 00:00:00.0000000;0;0;CORREO@;Numero X;SEDE X;NULL;NULL;NULL;NULL;NULL;NULL;NULL
NULL;412;2B;4F;ESPECIALIZACI X;2021-03-23 00:00:00.0000000;1;1;CORREO@;Numero X;SEDE X;NULL;NULL;NULL;NULL;NULL;NULL;NULL
NULL;413;207a;3E;ESPECIALIZACI A;2021-02-18 00:00:00.0000000;1;0;CORREO@;Numero X;SEDE X;NULL;NULL;NULL;NULL;NULL;NULL;NULL
NULL;414;2B;4F;ESPECIALIZACI X;2021-02-05 00:00:00.0000000;1;1;CORREO@;Numero X;SEDE X;NULL;NULL;NULL;NULL;NULL;NULL;NULL
NULL;415;208a;3E;ESPECIALIZACI X;2022-02-02 00:00:00.0000000;1;0;CORREO@;Numero X;SEDE X;NULL;NULL;NULL;NULL;NULL;NULL;NULL
NULL;416;2B;4F;ESPECIALIZACI X;2021-03-01 00:00:00.0000000;1;1;CORREO@;Numero X;SEDE X;NULL;NULL;NULL;NULL;NULL;NULL;NULL
NULL;417;209a;3E;ESP.X;2020-07-23 00:00:00.0000000;1;0;CORREO@;Numero X;SEDE Y;NULL;NULL;NULL;NULL;NULL;NULL;NULL
NULL;418;2B;4F;ESPECIALIZACI A;2022-03-08 00:00:00.0000000;1;1;CORREO@;Numero X;SEDE X;NULL;NULL;NULL;NULL;NULL;NULL;NULL
NULL;419;210a;3E;ESPECIALIZACI Q;2021-02-20 00:00:00.0000000;1;0;CORREO@;Numero X;SEDE X;NULL;NULL;NULL;NULL;NULL;NULL;NULL
NULL;420;2B;4F;MAESTR Y;2020-08-13 00:00:00.0000000;1;0;CORREO@;Numero X;SEDE X;NULL;NULL;NULL;NULL;NULL;NULL;1
NULL;421;211a;3E;MAESTR Y;2020-08-10 00:00:00.0000000;1;1;CORREO@;Numero X;SEDE X;NULL;NULL;NULL;NULL;NULL;NULL;1
NULL;422;2B;4F;MAESTR Z;2020-08-07 00:00:00.0000000;1;1;CORREO@;Numero X;SEDE Y;NULL;NULL;NULL;NULL;NULL;NULL;1
NULL;423;212a;3E;ESPECIALIZACI A;2020-08-11 00:00:00.0000000;1;0;CORREO@;Numero X;SEDE X;NULL;NULL;NULL;NULL;NULL;NULL;NULL
NULL;424;2B;4F;DOCTORADO Z;2021-02-08 00:00:00.0000000;0;0;CORREO@;Numero X;SEDE Y;NULL;NULL;NULL;NULL;NULL;NULL;2
NULL;425;213a;3E;ESPECIALIZACIO R;2021-06-28 00:00:00.0000000;1;0;CORREO@;Numero X;SEDE X;NULL;NULL;NULL;NULL;NULL;NULL;0
NULL;426;2B;4F;ESP.X;2021-06-30 00:00:00.0000000;0;0;CORREO@;Numero X;SEDE Y;NULL;NULL;NULL;NULL;NULL;NULL;NULL
NULL;427;214a;3E;ESPECIALIZACI X;2021-02-09 00:00:00.0000000;1;1;CORREO@;Numero X;SEDE X;NULL;NULL;NULL;NULL;NULL;NULL;NULL
NULL;428;2B;4F;ESPECIALIZACI W;2021-03-22 00:00:00.0000000;0;0;CORREO@;Numero X;SEDE X;NULL;NULL;NULL;NULL;NULL;NULL;NULL
NULL;429;215a;3E;ESP.X;2021-07-14 00:00:00.0000000;0;0;CORREO@;Numero X;SEDE Y;NULL;NULL;NULL;NULL;NULL;NULL;NULL
NULL;430;2B;4F;ESPECIALIZACI W;2022-03-22 00:00:00.0000000;1;1;CORREO@;Numero X;SEDE X;NULL;NULL;NULL;NULL;NULL;NULL;NULL
NULL;431;216a;3E;ESP.X;2021-08-09 00:00:00.0000000;0;0;CORREO@;Numero X;SEDE Y;NULL;NULL;NULL;NULL;NULL;NULL;NULL
NULL;432;2B;4F;DOCTORADO Z;2022-02-24 00:00:00.0000000;1;0;CORREO@;Numero X;SEDE Y;NULL;NULL;NULL;NULL;NULL;NULL;2
NULL;433;217a;3E;ESPECIALIZACI A;2022-03-10 00:00:00.0000000;1;1;CORREO@;Numero X;SEDE X;NULL;NULL;NULL;NULL;NULL;NULL;NULL
NULL;434;2B;4F;ESP.X;2021-06-08 00:00:00.0000000;0;0;CORREO@;Numero X;SEDE Y;NULL;NULL;NULL;NULL;NULL;NULL;NULL
NULL;435;218a;3E;ESPECIALIZACI A;2021-08-09 00:00:00.0000000;1;0;CORREO@;Numero X;SEDE X;NULL;NULL;NULL;NULL;NULL;NULL;NULL
NULL;436;2B;4F;ESPECIALIZACI X;2021-02-19 00:00:00.0000000;1;1;CORREO@;Numero X;SEDE X;NULL;NULL;NULL;NULL;NULL;NULL;NULL
NULL;437;219a;3E;ESPECIALIZACI A;2022-02-13 00:00:00.0000000;1;1;CORREO@;Numero X;SEDE X;NULL;NULL;NULL;NULL;NULL;NULL;NULL
NULL;438;2B;4F;ESPECIALIZACI W;2021-02-15 00:00:00.0000000;1;0;CORREO@;Numero X;SEDE X;NULL;NULL;NULL;NULL;NULL;NULL;NULL
NULL;439;220a;3E;MAESTR Z;2021-06-24 00:00:00.0000000;1;1;CORREO@;Numero X;SEDE Y;NULL;NULL;NULL;NULL;NULL;NULL;1
NULL;440;2B;4F;MAESTR X;2022-02-08 00:00:00.0000000;0;0;CORREO@;Numero X;SEDE X;NULL;NULL;NULL;NULL;NULL;NULL;1
NULL;441;221a;3E;ESPECIALIZACI A;2021-03-05 00:00:00.0000000;1;0;CORREO@;Numero X;SEDE X;NULL;NULL;NULL;NULL;NULL;NULL;NULL
NULL;442;2B;4F;ESP.X;2021-07-14 00:00:00.0000000;0;0;CORREO@;Numero X;SEDE Y;NULL;NULL;NULL;NULL;NULL;NULL;NULL
NULL;443;222a;3E;ESPECIALIZACI A;2020-08-12 00:00:00.0000000;1;0;CORREO@;Numero X;SEDE X;NULL;NULL;NULL;NULL;NULL;NULL;NULL
NULL;444;2B;4F;MAESTR Y;2020-07-31 00:00:00.0000000;1;0;CORREO@;Numero X;SEDE X;NULL;NULL;NULL;NULL;NULL;NULL;1
NULL;445;223a;3E;ESP.X;2021-07-22 00:00:00.0000000;1;1;CORREO@;Numero X;SEDE Y;NULL;NULL;NULL;NULL;NULL;NULL;NULL
NULL;446;2B;4F;ESPECIALIZACI X;2022-03-15 00:00:00.0000000;1;0;CORREO@;Numero X;SEDE X;NULL;NULL;NULL;NULL;NULL;NULL;NULL
NULL;447;224a;3E;ESP.X;2021-07-19 00:00:00.0000000;1;1;CORREO@;Numero X;SEDE Y;NULL;NULL;NULL;NULL;NULL;NULL;NULL
NULL;448;2B;4F;CARRERA INDEFINIDA;2020-10-30 00:00:00.0000000;1;0;CORREO@;Numero X;SEDE X;NULL;NULL;NULL;NULL;NULL;NULL;NULL
NULL;449;225a;3E;ESPECIALIZACI A;2021-07-08 00:00:00.0000000;0;0;CORREO@;Numero X;SEDE X;NULL;NULL;NULL;NULL;NULL;NULL;NULL
NULL;450;2B;4F;ESPECIALIZACIO R;2021-07-06 00:00:00.0000000;1;1;CORREO@;Numero X;SEDE X;NULL;NULL;NULL;NULL;NULL;NULL;0
NULL;451;226a;3E;ESPECIALIZACI A;2022-03-11 00:00:00.0000000;1;0;CORREO@;Numero X;SEDE X;NULL;NULL;NULL;NULL;NULL;NULL;NULL
NULL;452;2B;4F;ESP.X;2020-07-19 00:00:00.0000000;1;0;CORREO@;Numero X;SEDE Y;NULL;NULL;NULL;NULL;NULL;NULL;NULL
NULL;453;227a;3E;MAESTR X;2022-02-07 00:00:00.0000000;1;1;CORREO@;Numero X;SEDE X;NULL;NULL;NULL;NULL;NULL;NULL;1
NULL;454;2B;4F;DOCTORADO Z;2022-03-15 00:00:00.0000000;1;0;CORREO@;Numero X;SEDE Y;NULL;NULL;NULL;NULL;NULL;NULL;2
NULL;455;228a;3E;ESPECIALIZACI W;2021-03-21 00:00:00.0000000;0;0;CORREO@;Numero X;SEDE X;NULL;NULL;NULL;NULL;NULL;NULL;NULL
NULL;456;2B;4F;MAESTR Y;2020-08-14 00:00:00.0000000;1;0;CORREO@;Numero X;SEDE X;NULL;NULL;NULL;NULL;NULL;NULL;1
NULL;457;229a;3E;DOCTORADO Z;2021-02-06 00:00:00.0000000;1;1;CORREO@;Numero X;SEDE Y;NULL;NULL;NULL;NULL;NULL;NULL;2
NULL;458;2B;4F;ESPECIALIZACI W;2021-03-12 00:00:00.0000000;1;0;CORREO@;Numero X;SEDE X;NULL;NULL;NULL;NULL;NULL;NULL;NULL
NULL;459;230a;3E;ESPECIALIZACI W;2021-02-22 00:00:00.0000000;1;1;CORREO@;Numero X;SEDE X;NULL;NULL;NULL;NULL;NULL;NULL;NULL
NULL;460;2B;4F;DOCTORADO Z;2021-02-18 00:00:00.0000000;1;1;CORREO@;Numero X;SEDE Y;NULL;NULL;NULL;NULL;NULL;NULL;2
NULL;461;231a;3E;ESPECIALIZACI A;2021-08-03 00:00:00.0000000;0;0;CORREO@;Numero X;SEDE X;NULL;NULL;NULL;NULL;NULL;NULL;NULL
NULL;462;2B;4F;MAESTR Y;2022-02-01 00:00:00.0000000;0;0;CORREO@;Numero X;SEDE X;NULL;NULL;NULL;NULL;NULL;NULL;1
NULL;463;232a;3E;DOCTORADO Y;2022-03-08 00:00:00.0000000;1;0;CORREO@;Numero X;SEDE X;NULL;NULL;NULL;NULL;NULL;NULL;2
NULL;464;2B;4F;MAESTR Y;2022-02-06 00:00:00.0000000;0;0;CORREO@;Numero X;SEDE X;NULL;NULL;NULL;NULL;NULL;NULL;1
NULL;465;233a;3E;ESPECIALIZACI A;2021-07-06 00:00:00.0000000;1;0;CORREO@;Numero X;SEDE X;NULL;NULL;NULL;NULL;NULL;NULL;NULL
NULL;466;2B;4F;ESPECIALIZACI A;2020-08-11 00:00:00.0000000;1;0;CORREO@;Numero X;SEDE X;NULL;NULL;NULL;NULL;NULL;NULL;NULL
NULL;467;234a;3E;MAESTR Z;2020-08-12 00:00:00.0000000;1;0;CORREO@;Numero X;SEDE Y;NULL;NULL;NULL;NULL;NULL;NULL;1
NULL;468;2B;4F;ESPECIALIZACI W;2022-02-23 00:00:00.0000000;1;1;CORREO@;Numero X;SEDE X;NULL;NULL;NULL;NULL;NULL;NULL;NULL
NULL;469;235a;3E;MAESTR X;2022-02-14 00:00:00.0000000;1;1;CORREO@;Numero X;SEDE X;NULL;NULL;NULL;NULL;NULL;NULL;1
NULL;470;2B;4F;MAESTR X;2020-07-28 00:00:00.0000000;1;0;CORREO@;Numero X;SEDE X;NULL;NULL;NULL;NULL;NULL;NULL;1
NULL;471;236a;3E;ESPECIALIZACI W;2021-02-09 00:00:00.0000000;1;0;CORREO@;Numero X;SEDE X;NULL;NULL;NULL;NULL;NULL;NULL;NULL
NULL;472;2B;4F;MAESTR X;2022-03-10 00:00:00.0000000;0;0;CORREO@;Numero X;SEDE X;NULL;NULL;NULL;NULL;NULL;NULL;1
NULL;473;237a;3E;ESPECIALIZACI A;2021-02-10 00:00:00.0000000;1;0;CORREO@;Numero X;SEDE X;NULL;NULL;NULL;NULL;NULL;NULL;NULL
NULL;474;2B;4F;MAESTR X;2022-02-07 00:00:00.0000000;1;1;CORREO@;Numero X;SEDE X;NULL;NULL;NULL;NULL;NULL;NULL;1
NULL;475;238a;3E;MAESTR X;2021-02-01 00:00:00.0000000;1;0;CORREO@;Numero X;SEDE X;NULL;NULL;NULL;NULL;NULL;NULL;1
NULL;476;2B;4F;ESP.X;2020-08-07 00:00:00.0000000;1;0;CORREO@;Numero X;SEDE Y;NULL;NULL;NULL;NULL;NULL;NULL;NULL
NULL;477;239a;3E;ESPECIALIZACI X;2021-02-08 00:00:00.0000000;1;1;CORREO@;Numero X;SEDE X;NULL;NULL;NULL;NULL;NULL;NULL;NULL
NULL;478;2B;4F;ESPECIALIZACI W;2022-03-14 00:00:00.0000000;1;1;CORREO@;Numero X;SEDE X;NULL;NULL;NULL;NULL;NULL;NULL;NULL
NULL;479;240a;3E;MAESTR X;2022-03-06 00:00:00.0000000;1;0;CORREO@;Numero X;SEDE X;NULL;NULL;NULL;NULL;NULL;NULL;1
NULL;480;2B;4F;CARRERA INDEFINIDA;2020-10-30 00:00:00.0000000;1;0;CORREO@;Numero X;SEDE X;NULL;NULL;NULL;NULL;NULL;NULL;NULL
NULL;481;241a;3E;MAESTR X;2021-03-07 00:00:00.0000000;1;1;CORREO@;Numero X;SEDE X;NULL;NULL;NULL;NULL;NULL;NULL;1
NULL;482;2B;4F;MAESTR X;2021-03-19 00:00:00.0000000;0;0;CORREO@;Numero X;SEDE X;NULL;NULL;NULL;NULL;NULL;NULL;1
NULL;483;242a;3E;ESP.X;2021-07-27 00:00:00.0000000;1;1;CORREO@;Numero X;SEDE Y;NULL;NULL;NULL;NULL;NULL;NULL;NULL
NULL;484;2B;4F;ESP.X;2020-06-30 00:00:00.0000000;1;0;CORREO@;Numero X;SEDE Y;NULL;NULL;NULL;NULL;NULL;NULL;NULL
NULL;485;243a;3E;ESP.X;2020-07-17 00:00:00.0000000;1;1;CORREO@;Numero X;SEDE Y;NULL;NULL;NULL;NULL;NULL;NULL;NULL
NULL;486;2B;4F;ESPECIALIZACI W;2021-02-05 00:00:00.0000000;1;1;CORREO@;Numero X;SEDE X;NULL;NULL;NULL;NULL;NULL;NULL;NULL
NULL;487;244a;3E;ESP.X;2021-07-29 00:00:00.0000000;1;1;CORREO@;Numero X;SEDE Y;NULL;NULL;NULL;NULL;NULL;NULL;NULL
NULL;488;2B;4F;MAESTR X;2022-03-03 00:00:00.0000000;1;1;CORREO@;Numero X;SEDE X;NULL;NULL;NULL;NULL;NULL;NULL;1
NULL;489;245a;3E;ESPECIALIZACI X;2022-03-13 00:00:00.0000000;1;1;CORREO@;Numero X;SEDE X;NULL;NULL;NULL;NULL;NULL;NULL;NULL
NULL;490;2B;4F;ESP.X;2021-07-04 00:00:00.0000000;0;0;CORREO@;Numero X;SEDE Y;NULL;NULL;NULL;NULL;NULL;NULL;NULL
NULL;491;246a;3E;ESPECIALIZACI X;2021-02-08 00:00:00.0000000;1;1;CORREO@;Numero X;SEDE X;NULL;NULL;NULL;NULL;NULL;NULL;NULL
NULL;492;2B;4F;ESPECIALIZACI W;2022-03-28 00:00:00.0000000;1;1;CORREO@;Numero X;SEDE X;NULL;NULL;NULL;NULL;NULL;NULL;NULL
NULL;493;247a;3E;MAESTR Y;2022-02-08 00:00:00.0000000;0;0;CORREO@;Numero X;SEDE X;NULL;NULL;NULL;NULL;NULL;NULL;1
NULL;494;2B;4F;ESPECIALIZACI W;2021-02-26 00:00:00.0000000;1;1;CORREO@;Numero X;SEDE X;NULL;NULL;NULL;NULL;NULL;NULL;NULL
DNI       ;495;248a;3E;MAESTR X;2022-02-01 00:00:00.0000000;1;0;CORREO@;Numero X;SEDE X;NULL;NULL;NULL;NULL;NULL;NULL;1
NULL;496;2B;4F;ESPECIALIZACIO R;2020-08-12 00:00:00.0000000;1;0;CORREO@;Numero X;SEDE X;NULL;NULL;NULL;NULL;NULL;NULL;0
NULL;497;249a;3E;ESP.X;2020-08-11 00:00:00.0000000;1;1;CORREO@;Numero X;SEDE Y;NULL;NULL;NULL;NULL;NULL;NULL;NULL
NULL;498;2B;4F;ESPECIALIZACI W;2022-03-23 00:00:00.0000000;1;1;CORREO@;Numero X;SEDE X;NULL;NULL;NULL;NULL;NULL;NULL;NULL
NULL;499;250a;3E;DOCTORADO Z;2021-03-24 00:00:00.0000000;1;1;CORREO@;Numero X;SEDE Y;NULL;NULL;NULL;NULL;NULL;NULL;2
NULL;500;2B;4F;MAESTR X;2022-03-15 00:00:00.0000000;1;1;CORREO@;Numero X;SEDE X;NULL;NULL;NULL;NULL;NULL;NULL;1
NULL;501;251a;3E;ESPECIALIZACI A;2021-03-30 00:00:00.0000000;0;0;CORREO@;Numero X;SEDE X;NULL;NULL;NULL;NULL;NULL;NULL;NULL
NULL;502;2B;4F;ESPECIALIZACIO R;2021-03-25 00:00:00.0000000;0;0;CORREO@;Numero X;SEDE X;NULL;NULL;NULL;NULL;NULL;NULL;0
NULL;503;252a;3E;ESPECIALIZACI X;2022-02-04 00:00:00.0000000;1;0;CORREO@;Numero X;SEDE X;NULL;NULL;NULL;NULL;NULL;NULL;NULL
NULL;504;2B;4F;ESPECIALIZACI X;2021-03-09 00:00:00.0000000;1;1;CORREO@;Numero X;SEDE X;NULL;NULL;NULL;NULL;NULL;NULL;NULL
NULL;505;253a;3E;ESPECIALIZACIO R;2021-08-11 00:00:00.0000000;0;0;CORREO@;Numero X;SEDE X;NULL;NULL;NULL;NULL;NULL;NULL;0
NULL;506;2B;4F;MAESTR Z;2020-07-13 00:00:00.0000000;1;0;CORREO@;Numero X;SEDE Y;NULL;NULL;NULL;NULL;NULL;NULL;1
NULL;507;254a;3E;ESPECIALIZACI W;2021-02-17 00:00:00.0000000;1;0;CORREO@;Numero X;SEDE X;NULL;NULL;NULL;NULL;NULL;NULL;NULL
NULL;508;2B;4F;DOCTORADO Z;2021-02-06 00:00:00.0000000;1;1;CORREO@;Numero X;SEDE Y;NULL;NULL;NULL;NULL;NULL;NULL;2
NULL;509;255a;3E;ESPECIALIZACIO R;2021-02-20 00:00:00.0000000;1;0;CORREO@;Numero X;SEDE X;NULL;NULL;NULL;NULL;NULL;NULL;0
NULL;510;2B;4F;ESPECIALIZACI A;2020-08-08 00:00:00.0000000;1;0;CORREO@;Numero X;SEDE X;NULL;NULL;NULL;NULL;NULL;NULL;NULL
NULL;511;256a;3E;ESPECIALIZACIO R;2021-07-12 00:00:00.0000000;0;0;CORREO@;Numero X;SEDE X;NULL;NULL;NULL;NULL;NULL;NULL;0
NULL;512;2B;4F;ESPECIALIZACI W;2021-03-07 00:00:00.0000000;1;0;CORREO@;Numero X;SEDE X;NULL;NULL;NULL;NULL;NULL;NULL;NULL
NULL;513;257a;3E;ESPECIALIZACI W;2021-04-06 00:00:00.0000000;1;1;CORREO@;Numero X;SEDE X;NULL;NULL;NULL;NULL;NULL;NULL;NULL
NULL;514;2B;4F;ESPECIALIZACI A;2022-03-02 00:00:00.0000000;1;0;CORREO@;Numero X;SEDE X;NULL;NULL;NULL;NULL;NULL;NULL;NULL
NULL;515;258a;3E;MAESTR X;2022-02-09 00:00:00.0000000;1;1;CORREO@;Numero X;SEDE X;NULL;NULL;NULL;NULL;NULL;NULL;1
NULL;516;2B;4F;MAESTR X;2021-03-15 00:00:00.0000000;1;1;CORREO@;Numero X;SEDE X;NULL;NULL;NULL;NULL;NULL;NULL;1
NULL;517;259a;3E;ESP.X;2021-06-18 00:00:00.0000000;0;0;CORREO@;Numero X;SEDE Y;NULL;NULL;NULL;NULL;NULL;NULL;NULL
NULL;518;2B;4F;ESPECIALIZACIO R;2021-08-10 00:00:00.0000000;0;0;CORREO@;Numero X;SEDE X;NULL;NULL;NULL;NULL;NULL;NULL;0
NULL;519;260a;3E;ESP.X;2020-06-29 00:00:00.0000000;1;0;CORREO@;Numero X;SEDE Y;NULL;NULL;NULL;NULL;NULL;NULL;NULL
NULL;520;2B;4F;ESP.X;2021-06-08 00:00:00.0000000;1;1;CORREO@;Numero X;SEDE Y;NULL;NULL;NULL;NULL;NULL;NULL;NULL
NULL;521;261a;3E;ESPECIALIZACI W;2021-03-30 00:00:00.0000000;1;1;CORREO@;Numero X;SEDE X;NULL;NULL;NULL;NULL;NULL;NULL;NULL
NULL;522;2B;4F;ESPECIALIZACIO R;2022-03-11 00:00:00.0000000;0;0;CORREO@;Numero X;SEDE X;NULL;NULL;NULL;NULL;NULL;NULL;0
NULL;523;262a;3E;ESPECIALIZACI A;2022-04-01 00:00:00.0000000;1;1;CORREO@;Numero X;SEDE X;NULL;NULL;NULL;NULL;NULL;NULL;NULL
NULL;524;2B;4F;MAESTR X;2020-08-04 00:00:00.0000000;1;0;CORREO@;Numero X;SEDE X;NULL;NULL;NULL;NULL;NULL;NULL;1
NULL;525;263a;3E;MAESTR Y;2020-08-10 00:00:00.0000000;1;0;CORREO@;Numero X;SEDE X;NULL;NULL;NULL;NULL;NULL;NULL;1
NULL;526;2B;4F;ESP.X;2020-08-06 00:00:00.0000000;1;0;CORREO@;Numero X;SEDE Y;NULL;NULL;NULL;NULL;NULL;NULL;NULL
NULL;527;264a;3E;MAESTR X;2021-02-18 00:00:00.0000000;1;0;CORREO@;Numero X;SEDE X;NULL;NULL;NULL;NULL;NULL;NULL;1
NULL;528;2B;4F;MAESTR Y;2020-07-23 00:00:00.0000000;1;0;CORREO@;Numero X;SEDE X;NULL;NULL;NULL;NULL;NULL;NULL;1
NULL;529;265a;3E;Diplomatura X;2021-07-22 00:00:00.0000000;0;0;CORREO@;Numero X;SEDE X;NULL;NULL;NULL;NULL;NULL;NULL;NULL
NULL;530;2B;4F;ESPECIALIZACI A;2022-04-01 00:00:00.0000000;1;1;CORREO@;Numero X;SEDE X;NULL;NULL;NULL;NULL;NULL;NULL;NULL
NULL;531;266a;3E;ESPECIALIZACI W;2021-03-29 00:00:00.0000000;0;0;CORREO@;Numero X;SEDE X;NULL;NULL;NULL;NULL;NULL;NULL;NULL
NULL;532;2B;4F;ESPECIALIZACIO R;2022-03-09 00:00:00.0000000;0;0;CORREO@;Numero X;SEDE X;NULL;NULL;NULL;NULL;NULL;NULL;0
NULL;533;267a;3E;ESPECIALIZACI W;2022-03-23 00:00:00.0000000;1;1;CORREO@;Numero X;SEDE X;NULL;NULL;NULL;NULL;NULL;NULL;NULL
NULL;534;2B;4F;ESPECIALIZACIO R;2021-02-12 00:00:00.0000000;1;0;CORREO@;Numero X;SEDE X;NULL;NULL;NULL;NULL;NULL;NULL;0
NULL;535;268a;3E;DOCTORADO Z;2021-03-17 00:00:00.0000000;1;1;CORREO@;Numero X;SEDE Y;NULL;NULL;NULL;NULL;NULL;NULL;2
NULL;536;2B;4F;DOCTORADO Z;2022-03-17 00:00:00.0000000;1;0;CORREO@;Numero X;SEDE Y;NULL;NULL;NULL;NULL;NULL;NULL;2
NULL;537;269a;3E;MAESTR X;2022-02-02 00:00:00.0000000;1;1;CORREO@;Numero X;SEDE X;NULL;NULL;NULL;NULL;NULL;NULL;1
NULL;538;2B;4F;DOCTORADO Z;2022-03-14 00:00:00.0000000;0;0;CORREO@;Numero X;SEDE Y;NULL;NULL;NULL;NULL;NULL;NULL;2
NULL;539;270a;3E;ESPECIALIZACI W;2021-02-09 00:00:00.0000000;1;1;CORREO@;Numero X;SEDE X;NULL;NULL;NULL;NULL;NULL;NULL;NULL
NULL;540;2B;4F;DOCTORADO Z;2021-02-16 00:00:00.0000000;1;1;CORREO@;Numero X;SEDE Y;NULL;NULL;NULL;NULL;NULL;NULL;2
NULL;541;271a;3E;DOCTORADO Y;2022-02-12 00:00:00.0000000;0;0;CORREO@;Numero X;SEDE X;NULL;NULL;NULL;NULL;NULL;NULL;2
NULL;542;2B;4F;MAESTR X;2022-02-09 00:00:00.0000000;1;1;CORREO@;Numero X;SEDE X;NULL;NULL;NULL;NULL;NULL;NULL;1
NULL;543;272a;3E;ESPECIALIZACI Q;2021-03-25 00:00:00.0000000;0;0;CORREO@;Numero X;SEDE X;NULL;NULL;NULL;NULL;NULL;NULL;NULL
NULL;544;2B;4F;ESPECIALIZACI A;2020-07-13 00:00:00.0000000;1;1;CORREO@;Numero X;SEDE X;NULL;NULL;NULL;NULL;NULL;NULL;NULL
NULL;545;273a;3E;ESPECIALIZACI X;2021-03-19 00:00:00.0000000;0;0;CORREO@;Numero X;SEDE X;NULL;NULL;NULL;NULL;NULL;NULL;NULL
NULL;546;2B;4F;MAESTR Y;2020-07-10 00:00:00.0000000;1;0;CORREO@;Numero X;SEDE X;NULL;NULL;NULL;NULL;NULL;NULL;1
NULL;547;274a;3E;MAESTR Z;2021-08-13 00:00:00.0000000;1;1;CORREO@;Numero X;SEDE Y;NULL;NULL;NULL;NULL;NULL;NULL;1
NULL;548;2B;4F;ESPECIALIZACIO R;2021-02-04 00:00:00.0000000;1;0;CORREO@;Numero X;SEDE X;NULL;NULL;NULL;NULL;NULL;NULL;0
NULL;549;275a;3E;MAESTR X;2022-03-02 00:00:00.0000000;1;1;CORREO@;Numero X;SEDE X;NULL;NULL;NULL;NULL;NULL;NULL;1
NULL;550;2B;4F;ESP.X;2021-07-23 00:00:00.0000000;1;1;CORREO@;Numero X;SEDE Y;NULL;NULL;NULL;NULL;NULL;NULL;NULL
NULL;551;276a;3E;DOCTORADO Y;2021-03-01 00:00:00.0000000;1;0;CORREO@;Numero X;SEDE X;NULL;NULL;NULL;NULL;NULL;NULL;2
NULL;552;2B;4F;DOCTORADO Z;2022-02-25 00:00:00.0000000;1;0;CORREO@;Numero X;SEDE Y;NULL;NULL;NULL;NULL;NULL;NULL;2
NULL;553;277a;3E;MAESTR Y;2022-02-04 00:00:00.0000000;0;0;CORREO@;Numero X;SEDE X;NULL;NULL;NULL;NULL;NULL;NULL;1
NULL;554;2B;4F;DOCTORADO Z;2021-03-26 00:00:00.0000000;1;1;CORREO@;Numero X;SEDE Y;NULL;NULL;NULL;NULL;NULL;NULL;2
NULL;555;278a;3E;ESPECIALIZACI W;2021-03-09 00:00:00.0000000;1;1;CORREO@;Numero X;SEDE X;NULL;NULL;NULL;NULL;NULL;NULL;NULL
NULL;556;2B;4F;ESPECIALIZACI X;2021-02-19 00:00:00.0000000;1;0;CORREO@;Numero X;SEDE X;NULL;NULL;NULL;NULL;NULL;NULL;NULL
NULL;557;279a;3E;ESPECIALIZACI A;2021-08-12 00:00:00.0000000;0;0;CORREO@;Numero X;SEDE X;NULL;NULL;NULL;NULL;NULL;NULL;NULL
NULL;558;2B;4F;ESPECIALIZACI W;2022-02-09 00:00:00.0000000;1;1;CORREO@;Numero X;SEDE X;NULL;NULL;NULL;NULL;NULL;NULL;NULL
NULL;559;280a;3E;MAESTR Z;2020-07-08 00:00:00.0000000;1;0;CORREO@;Numero X;SEDE Y;NULL;NULL;NULL;NULL;NULL;NULL;1
NULL;560;2B;4F;ESPECIALIZACI X;2022-02-03 00:00:00.0000000;1;1;CORREO@;Numero X;SEDE X;NULL;NULL;NULL;NULL;NULL;NULL;NULL
NULL;561;281a;3E;ESP.X;2020-08-14 00:00:00.0000000;1;1;CORREO@;Numero X;SEDE Y;NULL;NULL;NULL;NULL;NULL;NULL;NULL
NULL;562;2B;4F;ESPECIALIZACI A;2021-02-08 00:00:00.0000000;1;0;CORREO@;Numero X;SEDE X;NULL;NULL;NULL;NULL;NULL;NULL;NULL
NULL;563;282a;3E;MAESTR X;2022-02-01 00:00:00.0000000;1;1;CORREO@;Numero X;SEDE X;NULL;NULL;NULL;NULL;NULL;NULL;1
NULL;564;2B;4F;ESPECIALIZACI X;2021-02-11 00:00:00.0000000;1;0;CORREO@;Numero X;SEDE X;NULL;NULL;NULL;NULL;NULL;NULL;NULL
NULL;565;283a;3E;ESPECIALIZACI W;2022-03-14 00:00:00.0000000;1;1;CORREO@;Numero X;SEDE X;NULL;NULL;NULL;NULL;NULL;NULL;NULL
NULL;566;2B;4F;ESP.X;2021-06-19 00:00:00.0000000;1;1;CORREO@;Numero X;SEDE Y;NULL;NULL;NULL;NULL;NULL;NULL;NULL
NULL;567;284a;3E;ESPECIALIZACI A;2020-08-11 00:00:00.0000000;1;0;CORREO@;Numero X;SEDE X;NULL;NULL;NULL;NULL;NULL;NULL;NULL
NULL;568;2B;4F;MAESTR X;2022-02-03 00:00:00.0000000;1;1;CORREO@;Numero X;SEDE X;NULL;NULL;NULL;NULL;NULL;NULL;1
NULL;569;285a;3E;ESPECIALIZACI A;2021-03-02 00:00:00.0000000;1;0;CORREO@;Numero X;SEDE X;NULL;NULL;NULL;NULL;NULL;NULL;NULL
NULL;570;2B;4F;MAESTR X;2022-02-22 00:00:00.0000000;1;0;CORREO@;Numero X;SEDE X;NULL;NULL;NULL;NULL;NULL;NULL;1
NULL;571;286a;3E;DOCTORADO Z;2021-03-02 00:00:00.0000000;1;0;CORREO@;Numero X;SEDE Y;NULL;NULL;NULL;NULL;NULL;NULL;2
NULL;572;2B;4F;DOCTORADO Z;2021-02-08 00:00:00.0000000;1;1;CORREO@;Numero X;SEDE Y;NULL;NULL;NULL;NULL;NULL;NULL;2
NULL;573;287a;3E;ESPECIALIZACI A;2021-02-07 00:00:00.0000000;1;0;CORREO@;Numero X;SEDE X;NULL;NULL;NULL;NULL;NULL;NULL;NULL
NULL;574;2B;4F;CARRERA INDEFINIDA;2020-10-30 00:00:00.0000000;1;0;CORREO@;Numero X;SEDE X;NULL;NULL;NULL;NULL;NULL;NULL;NULL
NULL;575;288a;3E;DOCTORADO Z;2022-03-17 00:00:00.0000000;1;1;CORREO@;Numero X;SEDE Y;NULL;NULL;NULL;NULL;NULL;NULL;2
NULL;576;2B;4F;ESPECIALIZACIO R;2022-03-04 00:00:00.0000000;0;0;CORREO@;Numero X;SEDE X;NULL;NULL;NULL;NULL;NULL;NULL;0
NULL;577;289a;3E;ESPECIALIZACI W;2021-03-01 00:00:00.0000000;1;1;CORREO@;Numero X;SEDE X;NULL;NULL;NULL;NULL;NULL;NULL;NULL
NULL;578;2B;4F;ESPECIALIZACI W;2022-03-02 00:00:00.0000000;1;1;CORREO@;Numero X;SEDE X;NULL;NULL;NULL;NULL;NULL;NULL;NULL
NULL;579;290a;3E;ESP.X;2021-08-11 00:00:00.0000000;0;0;CORREO@;Numero X;SEDE Y;NULL;NULL;NULL;NULL;NULL;NULL;NULL
NULL;580;2B;4F;CARRERA INDEFINIDA;2020-10-30 00:00:00.0000000;1;0;CORREO@;Numero X;SEDE X;NULL;NULL;NULL;NULL;NULL;NULL;NULL
NULL;581;291a;3E;ESP.X;2021-07-15 00:00:00.0000000;0;0;CORREO@;Numero X;SEDE Y;NULL;NULL;NULL;NULL;NULL;NULL;NULL
NULL;582;2B;4F;ESPECIALIZACI W;2022-03-15 00:00:00.0000000;1;1;CORREO@;Numero X;SEDE X;NULL;NULL;NULL;NULL;NULL;NULL;NULL
NULL;583;292a;3E;ESP.X;2021-07-06 00:00:00.0000000;1;1;CORREO@;Numero X;SEDE Y;NULL;NULL;NULL;NULL;NULL;NULL;NULL
NULL;584;2B;4F;MAESTR X;2022-02-07 00:00:00.0000000;0;0;CORREO@;Numero X;SEDE X;NULL;NULL;NULL;NULL;NULL;NULL;1
NULL;585;293a;3E;ESPECIALIZACI W;2022-03-04 00:00:00.0000000;1;1;CORREO@;Numero X;SEDE X;NULL;NULL;NULL;NULL;NULL;NULL;NULL
NULL;586;2B;4F;MAESTR X;2021-03-11 00:00:00.0000000;1;1;CORREO@;Numero X;SEDE X;NULL;NULL;NULL;NULL;NULL;NULL;1
NULL;587;294a;3E;DOCTORADO Z;2021-02-19 00:00:00.0000000;1;0;CORREO@;Numero X;SEDE Y;NULL;NULL;NULL;NULL;NULL;NULL;2
NULL;588;2B;4F;MAESTR Y;2022-02-01 00:00:00.0000000;0;0;CORREO@;Numero X;SEDE X;NULL;NULL;NULL;NULL;NULL;NULL;1
NULL;589;295a;3E;ESPECIALIZACI X;2021-02-09 00:00:00.0000000;1;0;CORREO@;Numero X;SEDE X;NULL;NULL;NULL;NULL;NULL;NULL;NULL
NULL;590;2B;4F;ESPECIALIZACI A;2022-03-10 00:00:00.0000000;1;1;CORREO@;Numero X;SEDE X;NULL;NULL;NULL;NULL;NULL;NULL;NULL
NULL;591;296a;3E;ESP.X;2021-06-11 00:00:00.0000000;1;0;CORREO@;Numero X;SEDE Y;NULL;NULL;NULL;NULL;NULL;NULL;NULL
NULL;592;2B;4F;MAESTR Y;2022-02-03 00:00:00.0000000;0;0;CORREO@;Numero X;SEDE X;NULL;NULL;NULL;NULL;NULL;NULL;1
NULL;593;297a;3E;ESP.X;2021-08-10 00:00:00.0000000;1;1;CORREO@;Numero X;SEDE Y;NULL;NULL;NULL;NULL;NULL;NULL;NULL
NULL;594;2B;4F;ESP.X;2021-06-15 00:00:00.0000000;0;0;CORREO@;Numero X;SEDE Y;NULL;NULL;NULL;NULL;NULL;NULL;NULL
NULL;595;298a;3E;ESP.X;2020-08-10 00:00:00.0000000;1;0;CORREO@;Numero X;SEDE Y;NULL;NULL;NULL;NULL;NULL;NULL;NULL
NULL;596;2B;4F;ESPECIALIZACI X;2022-03-15 00:00:00.0000000;1;0;CORREO@;Numero X;SEDE X;NULL;NULL;NULL;NULL;NULL;NULL;NULL
NULL;597;299a;3E;MAESTR X;2022-02-02 00:00:00.0000000;1;1;CORREO@;Numero X;SEDE X;NULL;NULL;NULL;NULL;NULL;NULL;1
NULL;598;2B;4F;ESP.X;2021-07-28 00:00:00.0000000;1;1;CORREO@;Numero X;SEDE Y;NULL;NULL;NULL;NULL;NULL;NULL;NULL
NULL;599;300a;3E;MAESTR Y;2022-02-01 00:00:00.0000000;0;0;CORREO@;Numero X;SEDE X;NULL;NULL;NULL;NULL;NULL;NULL;1
NULL;600;2B;4F;MAESTR X;2021-03-21 00:00:00.0000000;1;1;CORREO@;Numero X;SEDE X;NULL;NULL;NULL;NULL;NULL;NULL;1
NULL;601;301a;3E;ESP.X;2020-07-06 00:00:00.0000000;1;0;CORREO@;Numero X;SEDE Y;NULL;NULL;NULL;NULL;NULL;NULL;NULL
NULL;602;2B;4F;ESP.X;2021-07-20 00:00:00.0000000;0;0;CORREO@;Numero X;SEDE Y;NULL;NULL;NULL;NULL;NULL;NULL;NULL
NULL;603;302a;3E;ESPECIALIZACI A;2021-03-15 00:00:00.0000000;1;0;CORREO@;Numero X;SEDE X;NULL;NULL;NULL;NULL;NULL;NULL;NULL
NULL;604;2B;4F;ESPECIALIZACI X;2022-03-11 00:00:00.0000000;1;1;CORREO@;Numero X;SEDE X;NULL;NULL;NULL;NULL;NULL;NULL;NULL
NULL;605;303a;3E;ESPECIALIZACI X;2022-02-02 00:00:00.0000000;1;0;CORREO@;Numero X;SEDE X;NULL;NULL;NULL;NULL;NULL;NULL;NULL
NULL;606;2B;4F;ESPECIALIZACI W;2021-03-21 00:00:00.0000000;1;1;CORREO@;Numero X;SEDE X;NULL;NULL;NULL;NULL;NULL;NULL;NULL
NULL;607;304a;3E;DOCTORADO Z;2022-02-15 00:00:00.0000000;1;0;CORREO@;Numero X;SEDE Y;NULL;NULL;NULL;NULL;NULL;NULL;2
NULL;608;2B;4F;ESPECIALIZACIO R;2022-03-09 00:00:00.0000000;0;0;CORREO@;Numero X;SEDE X;NULL;NULL;NULL;NULL;NULL;NULL;0
NULL;609;305a;3E;DOCTORADO Z;2022-03-15 00:00:00.0000000;1;0;CORREO@;Numero X;SEDE Y;NULL;NULL;NULL;NULL;NULL;NULL;2
NULL;610;2B;4F;ESPECIALIZACI X;2022-02-01 00:00:00.0000000;0;0;CORREO@;Numero X;SEDE X;NULL;NULL;NULL;NULL;NULL;NULL;NULL
NULL;611;306a;3E;DOCTORADO Z;2021-03-29 00:00:00.0000000;1;1;CORREO@;Numero X;SEDE Y;NULL;NULL;NULL;NULL;NULL;NULL;2
NULL;612;2B;4F;ESPECIALIZACI A;2022-02-21 00:00:00.0000000;1;1;CORREO@;Numero X;SEDE X;NULL;NULL;NULL;NULL;NULL;NULL;NULL
NULL;613;307a;3E;ESPECIALIZACI Q;2021-03-30 00:00:00.0000000;1;0;CORREO@;Numero X;SEDE X;NULL;NULL;NULL;NULL;NULL;NULL;NULL
NULL;614;2B;4F;ESPECIALIZACI X;2022-03-15 00:00:00.0000000;1;1;CORREO@;Numero X;SEDE X;NULL;NULL;NULL;NULL;NULL;NULL;NULL
NULL;615;308a;3E;ESPECIALIZACI W;2022-03-13 00:00:00.0000000;1;1;CORREO@;Numero X;SEDE X;NULL;NULL;NULL;NULL;NULL;NULL;NULL
NULL;616;2B;4F;DOCTORADO Z;2022-02-08 00:00:00.0000000;0;0;CORREO@;Numero X;SEDE Y;NULL;NULL;NULL;NULL;NULL;NULL;2
NULL;617;309a;3E;DOCTORADO Y;2020-08-02 00:00:00.0000000;1;0;CORREO@;Numero X;SEDE X;NULL;NULL;NULL;NULL;NULL;NULL;2
NULL;618;2B;4F;MAESTR Z;2021-08-11 00:00:00.0000000;1;0;CORREO@;Numero X;SEDE Y;NULL;NULL;NULL;NULL;NULL;NULL;1
NULL;619;310a;3E;ESPECIALIZACIO R;2022-03-02 00:00:00.0000000;0;0;CORREO@;Numero X;SEDE X;NULL;NULL;NULL;NULL;NULL;NULL;0
NULL;620;2B;4F;ESPECIALIZACIO R;2021-02-08 00:00:00.0000000;1;0;CORREO@;Numero X;SEDE X;NULL;NULL;NULL;NULL;NULL;NULL;0
NULL;621;311a;3E;DOCTORADO Z;2021-03-11 00:00:00.0000000;1;0;CORREO@;Numero X;SEDE Y;NULL;NULL;NULL;NULL;NULL;NULL;2
NULL;622;2B;4F;ESPECIALIZACIO R;2022-03-02 00:00:00.0000000;0;0;CORREO@;Numero X;SEDE X;NULL;NULL;NULL;NULL;NULL;NULL;0
NULL;623;312a;3E;ESPECIALIZACI W;2022-02-07 00:00:00.0000000;0;0;CORREO@;Numero X;SEDE X;NULL;NULL;NULL;NULL;NULL;NULL;NULL
NULL;624;2B;4F;MAESTR Z;2021-06-08 00:00:00.0000000;1;0;CORREO@;Numero X;SEDE Y;NULL;NULL;NULL;NULL;NULL;NULL;1
NULL;625;313a;3E;DOCTORADO Z;2021-02-11 00:00:00.0000000;1;0;CORREO@;Numero X;SEDE Y;NULL;NULL;NULL;NULL;NULL;NULL;2
NULL;626;2B;4F;DOCTORADO Z;2022-03-21 00:00:00.0000000;1;0;CORREO@;Numero X;SEDE Y;NULL;NULL;NULL;NULL;NULL;NULL;2
NULL;627;314a;3E;ESP.X;2021-07-08 00:00:00.0000000;1;1;CORREO@;Numero X;SEDE Y;NULL;NULL;NULL;NULL;NULL;NULL;NULL
NULL;628;2B;4F;ESPECIALIZACIO R;2022-03-03 00:00:00.0000000;0;0;CORREO@;Numero X;SEDE X;NULL;NULL;NULL;NULL;NULL;NULL;0
NULL;629;315a;3E;MAESTR Y;2020-08-14 00:00:00.0000000;1;0;CORREO@;Numero X;SEDE X;NULL;NULL;NULL;NULL;NULL;NULL;1
NULL;630;2B;4F;ESPECIALIZACIO R;2021-06-15 00:00:00.0000000;0;0;CORREO@;Numero X;SEDE X;NULL;NULL;NULL;NULL;NULL;NULL;0
NULL;631;316a;3E;ESP.X;2021-08-03 00:00:00.0000000;0;0;CORREO@;Numero X;SEDE Y;NULL;NULL;NULL;NULL;NULL;NULL;NULL
NULL;632;2B;4F;ESP.X;2021-07-29 00:00:00.0000000;1;1;CORREO@;Numero X;SEDE Y;NULL;NULL;NULL;NULL;NULL;NULL;NULL
NULL;633;317a;3E;ESP.X;2021-07-30 00:00:00.0000000;1;1;CORREO@;Numero X;SEDE Y;NULL;NULL;NULL;NULL;NULL;NULL;NULL
NULL;634;2B;4F;ESPECIALIZACIO R;2020-08-11 00:00:00.0000000;1;0;CORREO@;Numero X;SEDE X;NULL;NULL;NULL;NULL;NULL;NULL;0
NULL;635;318a;3E;ESP.X;2021-07-07 00:00:00.0000000;1;1;CORREO@;Numero X;SEDE Y;NULL;NULL;NULL;NULL;NULL;NULL;NULL
NULL;636;2B;4F;ESPECIALIZACIO R;2021-02-25 00:00:00.0000000;1;0;CORREO@;Numero X;SEDE X;NULL;NULL;NULL;NULL;NULL;NULL;0
NULL;637;319a;3E;MAESTR Y;2022-02-14 00:00:00.0000000;0;0;CORREO@;Numero X;SEDE X;NULL;NULL;NULL;NULL;NULL;NULL;1
NULL;638;2B;4F;ESPECIALIZACI W;2021-02-03 00:00:00.0000000;1;0;CORREO@;Numero X;SEDE X;NULL;NULL;NULL;NULL;NULL;NULL;NULL
NULL;639;320a;3E;DOCTORADO Z;2022-03-16 00:00:00.0000000;1;1;CORREO@;Numero X;SEDE Y;NULL;NULL;NULL;NULL;NULL;NULL;2
NULL;640;2B;4F;DOCTORADO Y;2022-02-09 00:00:00.0000000;0;0;CORREO@;Numero X;SEDE X;NULL;NULL;NULL;NULL;NULL;NULL;2
NULL;641;321a;3E;MAESTR X;2022-02-08 00:00:00.0000000;1;0;CORREO@;Numero X;SEDE X;NULL;NULL;NULL;NULL;NULL;NULL;1
NULL;642;2B;4F;DOCTORADO Z;2021-03-18 00:00:00.0000000;0;0;CORREO@;Numero X;SEDE Y;NULL;NULL;NULL;NULL;NULL;NULL;2
NULL;643;322a;3E;DOCTORADO Y;2022-02-06 00:00:00.0000000;0;0;CORREO@;Numero X;SEDE X;NULL;NULL;NULL;NULL;NULL;NULL;2
NULL;644;2B;4F;MAESTR Z;2021-08-02 00:00:00.0000000;0;0;CORREO@;Numero X;SEDE Y;NULL;NULL;NULL;NULL;NULL;NULL;1
